symbol,signal_timestamp,signal_close,rsi_14,rel_volume,macd,macd_signal,macd_hist,atr_pct,price_acceleration,trend_stack,persistence_1,persistence_2,persistence_3,ema_3,ema_8,ema_21,ema_50,forward_1d,forward_3d,forward_5d,forward_10d,mfe_5d,mae_5d,split
AAPL,2026-01-27T05:00:00+00:00,258.28,45.505754084640586,1.016926142923435,-5.107626304385178,-5.013609667529547,-0.09401663685563122,2.063237018518107,0.011316026469321283,False,True,True,True,255.12185009221653,254.1391203376097,259.1387721474387,264.02537251405334,-0.004077669902912695,0.006058252427184385,0.046446601941747545,0.06246601941747554,0.05572815533980591,-0.020388349514563142,TRAIN
AAPL,2026-02-24T05:00:00+00:00,272.19,56.85890751542464,0.7125321640622512,0.7198117045854246,0.5913493497932651,0.1284623547921595,2.5815737956154603,0.021734234234234373,True,True,True,False,268.54286087389005,266.59890766597954,265.72234855917446,265.6983332641456,0.009723040659988413,-0.027438126104890936,-0.028616676487919768,-0.03966558632881545,0.016757513258691903,-0.04154390100176775,TRAIN
AAPL,2026-03-26T04:00:00+00:00,252.87,42.96541144704592,1.1623610440194738,-3.5466647380619634,-3.4162336784976324,-0.130431059564331,1.9684027365840153,0.0010292545821621868,False,False,False,False,252.35414247104188,252.34124490059094,255.8484582438761,260.13013201158867,-0.02048050413548652,-0.0006695549428910041,0.007837731390311076,0.02571878692398588,0.008763292634895503,-0.032886963371406064,TRAIN
AAPL,2026-04-01T04:00:00+00:00,255.43,49.677111485787655,1.0880401578547874,-2.8937879571523695,-3.3933066835722325,0.49951872641986306,2.001946297839497,0.006700035470776022,False,True,True,True,253.30338390444012,252.1312801411856,254.4612534962612,258.8216726436567,0.006687910618041526,-0.0023604390416617216,0.02458790668397648,0.03593768440930001,0.03131515795271245,-0.03340021243951374,TRAIN
AAPL,2026-07-01T04:00:00+00:00,294.42,51.19311960882509,1.1140536195495392,-2.347358773368285,-1.085222644387509,-1.2621361289807758,2.8260162838316503,0.01790900290416264,False,True,True,True,290.1161565067456,289.32197252426914,292.86083290202663,289.76582711827723,0.0481153408028292,0.05646326742268393,0.07506333202985549,0.13310777496302095,0.0763214716833569,-0.0006630736011696836,TEST
MSFT,2026-01-26T05:00:00+00:00,470.3,49.10427223513761,1.2424751049924858,-7.046843435852679,-6.86819170903412,-0.17865172681855945,2.236414446705749,0.009639123247676018,False,True,True,False,464.32468227648826,462.10620375376783,468.8687709272912,480.0322239629757,0.01480183280896985,-0.0854536624506429,-0.1063155894338984,-0.12648071116366477,0.020798581051120202,-0.11093984247978206,TRAIN
MSFT,2026-02-26T05:00:00+00:00,401.78,40.34757323059228,0.8340716998962462,-15.514006818295854,-17.194834794161917,1.6808279758660625,2.3448333487409587,0.003145910316588507,False,False,False,False,398.57780543438963,398.1793554149988,411.35426169043944,437.82915655196996,0.004770614040697341,0.03290828398582879,0.05045595815161086,0.028022561295355963,0.05279650069704678,-0.002238223745635426,TRAIN
MSFT,2026-03-03T05:00:00+00:00,403.8,43.879046045640976,0.6771954047796868,-12.697250061297268,-15.518473999291839,2.8212239379945707,2.375557206537889,0.013325303018896228,False,True,True,True,400.4447256792987,398.75892854231085,408.21033936171256,433.38239937265996,0.009094306714837463,0.01836302479132934,0.010987915784228086,-0.004235704497321691,0.029114239441883738,-0.0017939454341597827,TRAIN
MSFT,2026-04-06T04:00:00+00:00,372.75,39.03435954301643,0.5960342379457233,-10.80502438956131,-11.073527623625205,0.2685032340638944,2.173229855322411,-0.0020347514122780463,False,True,True,True,371.6443961482913,371.5482879865581,381.3371985085044,402.94790048553165,0.005548880098286579,0.007141989226261858,0.037762086702939124,0.12897433474192987,0.03954420877830134,-0.010112192685198917,TRAIN
MSFT,2026-04-13T04:00:00+00:00,384.33,51.45744486222738,1.2559739563065861,-6.885425505575711,-9.263630195929757,2.378204690354046,2.319528232805885,0.03623715926555038,False,True,True,True,378.15388737963406,374.82149293281987,379.0804172644097,397.906838241291,0.01397040801847238,0.08388694676281272,0.07870125514376758,0.09637388578578698,0.11345312882960745,-0.0026186452703139684,TRAIN
MSFT,2026-05-07T04:00:00+00:00,420.79,57.81089147132453,0.7644498213363592,6.3679103553959635,7.23965894366233,-0.8717485882663665,2.793385231180804,0.016843071866995407,True,False,False,False,417.093692985105,416.44174728267626,410.88809290932534,408.23797816225976,-0.005798004240689103,-0.0230362854438948,-0.019035183343915074,0.00386932927632766,0.0028391053823209056,-0.03945997100997878,TRAIN
MSFT,2026-05-15T04:00:00+00:00,422.0,57.91990169014015,1.2930054957010966,3.3746162260823667,4.684642250223714,-1.3100260241413473,2.693381855111712,0.03067604533020707,True,True,True,True,415.37716707789224,413.62981997260204,411.4676685190774,409.0551326516676,0.01731508165225759,0.011239193083573573,0.005043227665706196,0.1058597502401537,0.039085014409222074,-0.012223823246877985,TRAIN
MSFT,2026-05-28T04:00:00+00:00,426.97,59.30491854305728,1.5034707367229396,3.4809179930072673,3.707714358306559,-0.22679636529929148,2.4361029045198883,0.034552106806232,True,True,True,True,421.04225455889804,418.7562042135073,415.6943057371051,411.88927649640044,0.03872332066052664,0.020026115996625737,-0.010619734911078593,-0.09806210060436582,0.07761997758184358,-0.019425216959219838,TRAIN
MSFT,2026-07-01T04:00:00+00:00,384.38,47.0024277675302,1.2278446327820913,-11.743081131618169,-11.289226832658823,-0.4538542989593459,3.396378583693221,0.030730451571382655,False,True,True,True,377.2895332577532,375.10987911097266,386.8514894114589,398.9056736815589,0.014153766098607967,0.011421881097957609,-0.0002861974762586872,0.04363210615324564,0.02906205281644314,-0.02829452322102255,TEST
MSFT,2026-07-28T04:00:00+00:00,393.44,51.83065073256776,1.0535767971474304,-0.58227728471104,-1.2728797362649762,0.6906024515539362,2.938004705745657,0.011024026724913316,False,True,True,True,390.21947471440603,389.9565572064714,389.7448728951395,394.46030488484877,-0.0059743231219017146,0.18139061904156595,0.2529045379433075,0.2807169187746281,0.2694546841235539,-0.011707131053768971,TEST
AVGO,2026-01-12T05:00:00+00:00,352.18,50.04551364171328,0.5081153327460062,-5.351280861037253,-5.724953602597136,0.37367274155988284,2.9468494195338404,0.02107796236699433,False,True,False,False,346.8958267574484,345.3473400339385,350.26850466060455,354.4419297137121,0.004944883674799616,-0.02779903085947466,-0.05702910255320359,-0.05702910255320359,0.018589362124174613,-0.05973532828926853,TRAIN
AVGO,2026-01-16T05:00:00+00:00,351.72,50.48476735513798,0.9188520236723836,-3.7631164302627553,-4.859314177206862,1.0961977469441067,3.3230573020747007,0.02518363064008411,False,False,False,False,347.9519266723405,346.5983041337428,349.3188420603815,353.3841301959154,-0.0329410055216508,-0.05402499273467021,-0.05579773321708814,-0.037692531240918425,0.003661726242371266,-0.0870677128741646,TRAIN
AVGO,2026-02-09T05:00:00+00:00,343.86,54.65760037468832,1.280175847743297,-5.615094431845364,-6.991260455687849,1.3761660238424849,4.67092088973087,0.033885564809525315,False,True,True,True,333.5119933144126,328.2678822022573,332.35689958470056,341.48963660659325,-0.018512644539923295,-0.04535886271230427,-0.041033478474004514,-0.061564635658467703,0.0034603073906398496,-0.08770437440525969,TRAIN
AVGO,2026-02-18T05:00:00+00:00,333.44,49.401678180373985,0.5046389907124555,-2.513500643194618,-4.037148439729015,1.523647796534397,4.987082704962983,0.00264613904257871,False,True,True,False,332.43503114553766,331.96662469251214,332.9322013888884,339.8852039962393,0.004149128081779807,-0.006674684305472134,-0.0006915213469633752,-0.046602525556223684,0.022369212266987404,-0.05444978953698143,TRAIN
AVGO,2026-03-05T05:00:00+00:00,332.68,52.458497150835235,1.9143417772895766,-3.664900179880533,-3.5921488577422873,-0.07275132213824564,4.0158711073704465,0.049132765689057,False,True,True,True,324.95493898005157,323.87540890941136,327.28686579127043,334.5264964335682,0.007008349076726317,0.04364982631482728,0.023676031446157486,-0.025504296422694916,0.07599488085806572,-0.013483454201962397,TRAIN
AVGO,2026-04-02T04:00:00+00:00,314.465,47.178062862959735,0.5214610669692229,-5.656451286128458,-5.132711554772305,-0.5237397313561534,3.6015818249135156,0.0030141617759631423,False,True,True,True,311.8456536435499,311.3173860584784,317.10009030812955,325.5195893889814,-0.003169773044250035,0.11148091796627346,0.17736465069101048,0.2885127424876379,0.19351464435146437,-0.0160707493343476,TRAIN
AVGO,2026-05-14T04:00:00+00:00,439.34,66.07295614118479,0.9596856715917151,16.798309798626462,18.555097149168322,-1.7567873505418596,3.6855608087455876,0.054230455439842506,True,True,True,False,429.5489289733314,424.42348378526367,410.09897394842415,382.6865451965743,-0.0175329103244225,-0.04970932584399523,-0.04228933347202479,0.0341989991100633,0.0,-0.06163679021763002,TRAIN
AVGO,2026-05-27T04:00:00+00:00,421.81,56.43802330622455,0.7759070164314092,8.472070722561341,11.68931209234279,-3.2172413697814495,3.8301774326287727,-0.0005923328436715503,True,True,True,True,420.1611676913021,419.4087254359925,414.4869184214131,392.4391830035384,0.012029040523868328,0.0916057701433044,0.13556989655499674,-0.11768055423744905,0.17443295055518648,-0.017486001708266086,TRAIN
AVGO,2026-06-18T04:00:00+00:00,411.07,51.266234124336094,0.6189413053825652,-6.330275440724279,-3.1326381229109175,-3.1976373178133612,6.250412686056252,0.046219235957343896,False,True,False,False,399.4295784174758,396.5845211683473,405.79849156642916,399.97655682339973,-0.0516837092368313,-0.07641356636932828,-0.12028911934633879,-0.09587352237290603,0.00232069040539562,-0.12028911934633879,TRAIN
AVGO,2026-07-08T04:00:00+00:00,388.73,50.19721174966522,1.1008943846788741,-9.205602641004987,-9.803863966344142,0.5982613253391555,4.309730220388004,0.049118829784362994,False,True,True,True,379.5437743111371,376.4567772319054,384.94966012901955,390.65218299661615,-0.002572802863641477,-0.04657146053171257,-0.02027169792560013,-0.013435748287905391,0.012839156319524703,-0.04657146053171257,TEST
AVGO,2026-07-22T04:00:00+00:00,396.88,53.58477441789642,0.6456699178359888,-2.3744473813083573,-4.370662626191219,1.9962152448828618,4.128721887868231,0.027441234337786113,False,True,True,False,389.3801697014757,385.44655815325814,385.9472762015904,389.4568192433136,0.0012496174640417301,-0.02236560236662244,-0.05556972355401413,0.06724982148321934,0.013312251351627058,-0.05750790574313991,TEST
AVGO,2026-07-31T04:00:00+00:00,389.3,51.473205002504706,0.858341314689658,-1.6515144185441955,-2.562125982398556,0.9106115638543604,4.031870390077429,0.0030402968154179533,False,True,True,True,385.80523570079276,384.1652354554689,384.8322834297448,388.04363983557886,0.02088239503506406,0.08898112127402125,0.1126088031330097,0.022703912358994938,0.12098778282309164,-0.024902743985740106,TEST
JNJ,2026-01-12T05:00:00+00:00,209.76,58.91742536952503,1.2309215411269698,0.96500450084676,1.3713517505061772,-0.40634724965941715,1.4363354037267093,0.025997211964097877,True,True,True,True,207.5100663842086,206.7776309461567,206.30138724715988,202.18093030694388,0.01843954734961284,0.04638475282906507,0.03952352590827868,0.06932698034544371,0.04857653365098269,-0.004216795711733168,TRAIN
JNJ,2026-03-26T04:00:00+00:00,239.33,50.97843061395651,0.8521864441324986,-0.07393195443393097,0.8430562383095289,-0.9169881927434599,1.5638896681808152,-0.002459153051016849,False,True,True,True,238.5650298336846,238.36829501312047,239.40071084193227,234.14540637159755,0.0034854841066098707,0.019848475361592843,0.014463715484315243,-0.0046960115208816156,0.0319120071796799,-0.0015027236866820282,TRAIN
JNJ,2026-05-13T04:00:00+00:00,230.455,52.023383044927535,1.1663267568201532,-3.0647164700438623,-3.4600798835178144,0.3953634134739521,1.6555757709128194,0.02725773379691554,False,True,True,True,226.80426889131138,225.4634225726411,228.05787181988484,231.13952429727507,-0.0005629411509980864,-0.008660633092279046,-0.007188325466591539,-0.0005629411509980864,0.004806651366214831,-0.021738189061620394,TRAIN
JNJ,2026-06-05T04:00:00+00:00,232.71,56.45824755124649,1.23275406120136,-0.6459852256403167,-0.9444607713200015,0.2984755456796848,1.7460419774458686,0.019450650545406845,False,True,True,True,229.41960608320454,227.9871761542891,228.28106054502916,229.93625086430328,-0.004225019838291044,0.02309820490273884,0.033049520663992915,-0.007699401634246206,0.03609496643575616,-0.010616166598751753,TRAIN
JNJ,2026-06-23T04:00:00+00:00,239.2,59.06581835797269,1.4148054904284733,1.4830063628567984,1.2796688122857998,0.20333755057099867,2.115832537028188,0.03397596611048659,True,True,True,True,235.3688914092203,234.43465725454746,232.79077664156125,231.8789620130596,0.0027878333957473966,0.058378063496026256,0.05675529480297925,0.09541047726043339,0.08072234011567425,-0.0065742936795240015,TRAIN
JNJ,2026-07-22T04:00:00+00:00,255.69,56.52027148824656,1.0265856650006269,3.260699877853199,4.628962842965418,-1.3682629651122191,2.4908790220300276,0.020067023059124,True,True,True,True,253.08863526238576,252.86593255383096,250.96999769573875,244.33463955849544,0.017695295640914877,0.04327696472711562,0.042374543885117966,0.010711343037627108,0.07823596343233796,-0.001412484796170621,TEST
JNJ,2026-08-07T04:00:00+00:00,259.255,55.487973473947896,0.8257127280619171,2.4171081265831447,3.2675184725575277,-0.850410345974383,2.306747080232645,0.007911515434258387,True,True,True,True,258.0950045496246,257.87592189174666,256.41532360658056,250.07597016909932,0.009374638324138651,0.006018286331545886,0.004243663438910694,0.042706685698854274,0.017900543960495563,-0.014428455692295783,TEST
IWM,2026-01-05T05:00:00+00:00,252.76,56.04141526580035,1.0286296125973142,0.9972523722842652,1.4634959478462757,-0.46624357556201046,1.2651753215924764,0.01591639871382622,True,True,True,True,250.5300092109002,250.11911222722932,249.57650553014616,247.50959678711075,0.015041319038465506,0.02376092427815535,0.03644398644497726,0.04084342363409377,0.03703850498404693,-0.0031113136877984893,TRAIN
IWM,2026-02-06T05:00:00+00:00,265.0,57.00130479154101,0.7831078450761401,1.7181712748976565,2.60011835071579,-0.8819470758181334,2.042048517520216,0.03523712790061717,True,True,True,True,261.8525271308433,261.82774474768905,261.0027004825726,256.51211762423407,0.007817220543806513,0.00045317220543816816,-0.00706193353474327,-0.016238670694864066,0.015483383685800378,-0.024093655589123797,TRAIN
IWM,2026-02-18T05:00:00+00:00,263.96,53.87412197131665,1.0698806031709656,1.389176152325149,1.822734319893956,-0.43355816756880716,2.337340073171261,0.0035738727092997635,True,True,True,False,263.39220724320967,263.1920373919936,262.3195162389515,258.2976682374537,0.007712963491972813,-0.007789140909177483,0.007636786074768143,-0.002932830562379918,0.0176922051457844,-0.016892342265135474,TRAIN
IWM,2026-02-25T05:00:00+00:00,264.55,54.154082821223135,0.6460269998600384,1.0508492759156525,1.364628561544297,-0.31377928562864454,2.1064071064071066,0.004632970037595552,True,True,False,False,263.7088189763503,263.4192137453172,262.767325095126,259.24238086792707,0.003244548404135017,-0.004791367992152629,-0.012393420357655005,-0.046065041877310864,0.004376367614879806,-0.04421640383309444,TRAIN
IWM,2026-03-25T04:00:00+00:00,251.85,47.90023043294653,0.6538815598122183,-3.418315635714009,-3.420417696388268,0.0021020606742587766,2.347202132788788,0.012258842443729767,False,False,False,False,249.67705828554057,248.88688674896466,252.19588602310083,255.06481234730995,-0.0059264318862124465,-0.03734656568294592,0.002069228760270825,0.05249412379211282,0.01428370532575296,-0.04096269361351623,TRAIN
IWM,2026-04-01T04:00:00+00:00,249.4,48.14736567205996,2.3034396084631434,-3.231621251730104,-3.5183689125805535,0.28674766085044956,2.302669263374953,0.005645161290322553,False,True,True,True,247.37709557142313,246.87371649968412,249.73010414284965,253.34468950947786,0.02575720466976894,0.03263531716874857,0.06927096089476681,0.10208996652787983,0.07310800881704638,-0.00036737692872890193,TRAIN
IWM,2026-04-30T04:00:00+00:00,277.93,66.19736894270325,1.1401128178480253,5.762970254476045,5.478976828187509,0.28399342628853574,1.5404701080950525,0.02153857463152864,True,True,True,True,275.7957888098674,274.63622266460595,268.824812449521,262.6474882796347,0.002512562814070307,0.014393395549174404,0.013208901651112548,0.021033740129217326,0.032160804020100464,-0.008865757358219817,TRAIN
IWM,2026-05-21T04:00:00+00:00,282.48,58.18172816074755,1.6242284158049647,3.1892494369024575,4.353838613163852,-1.1645891762613942,1.8083454707286493,0.009470035378622788,True,True,True,True,280.1183903744144,279.7598309543191,277.78963211824924,270.89703594284146,0.0038729666924866013,0.022498415604535138,0.02228716287585386,-0.008238856418562035,0.03070206323498348,-0.0010914724315189694,TRAIN
IWM,2026-06-11T04:00:00+00:00,290.43,57.611887632869326,1.7592660449607007,2.5638968569859912,3.386060989819416,-0.8221641328334246,2.0986124023000388,0.029857097266054344,True,True,True,True,286.976433007225,286.4987915919797,284.87624203054884,278.12344847924555,0.004525972912738041,0.0017143836790673994,0.0132693296759816,0.020709754843133865,0.02146408366192376,-0.009274815703754435,TRAIN
IWM,2026-08-03T04:00:00+00:00,296.15,54.62523891551875,1.1081052247156915,-0.10159803426523695,0.19234209163821775,-0.2939401259034547,1.3940811847278183,0.0170684799780203,False,True,True,True,293.78640702903056,293.0002025638346,293.44689755487656,290.4371468775972,0.013878620875058756,0.0022346931917467394,0.008065058135627412,0.021742052557295555,0.018348007258552457,-0.0012097587203440119,TEST
CVX,2026-04-28T04:00:00+00:00,188.29,46.74489681619305,0.9582147741458771,-2.5326343247054695,-2.017936539883207,-0.5146977848222622,2.5126514570988507,0.018609683527184284,False,True,True,True,186.84596336769755,186.80450236877977,189.81592165716313,188.6433637051877,0.009715876267002654,0.00131295625229777,0.011816606270679042,-0.023265584790714833,0.019484270784097424,-0.011764088020587149,TRAIN
CVX,2026-05-15T04:00:00+00:00,191.105,53.993154738347,0.8675062333406599,-1.2337942587947452,-1.5957135403484624,0.3619192815537171,2.204472485208206,0.024032793912763806,False,True,True,True,188.5857209427939,187.2714167504152,188.17088174527103,188.29718852940556,0.029147099719285308,0.0040401920402968194,0.004433717239027191,-0.02479208752000417,0.043445181939816946,-0.008237794160086187,TRAIN
CVX,2026-06-03T04:00:00+00:00,189.745,52.48384863715826,0.6212114767369941,-0.8381435371628925,-0.8529967375531975,0.014853200390305021,2.3569226367719076,0.011164401811883717,False,True,True,True,187.9351845021833,187.0926828986916,187.86070986033235,188.25474267795636,-0.001907790143084176,0.002649708532061368,0.005988341282459064,-0.05866454689984102,0.02103868574456813,-0.016905140434552157,TRAIN
CVX,2026-07-07T04:00:00+00:00,173.925,45.28919565055241,1.0235689230917788,-4.674938218411455,-4.513567726033722,-0.16137049237773304,1.9688289287254346,0.03440585226596893,False,True,True,True,170.99397316341032,170.64371370602072,175.23409737041302,180.84619362764266,-0.0021554169030063575,0.00014180374361871806,0.030856494611457785,0.08372093023255811,0.03754963131026656,-0.01568349404424285,TEST
CVX,2026-08-10T04:00:00+00:00,194.92,59.40585458599965,0.9620562696549182,2.622787426560535,2.933263998364772,-0.3104765718042368,2.4563190759579023,0.04481132075471694,True,True,True,True,191.41180095875103,190.6779584839506,188.38005894292434,185.76755020495247,0.012015952656631912,0.017470732021098723,0.04325228354560662,0.04482181911745786,0.04790943007847681,-0.002341438312105981,TEST
LLY,2026-01-07T05:00:00+00:00,1107.94,64.83144132395267,1.7332518945548347,19.703682933442906,21.385193039465385,-1.681510106022479,2.1730805432991467,0.04128720594731261,True,True,False,False,1084.9797343091784,1075.2595336508277,1058.911804032916,1006.4447710760022,-0.023809737895068128,-0.027995324371712482,-0.03547183383536401,-0.022065368880097247,0.019224025536123568,-0.046936114732724965,TRAIN
LLY,2026-01-12T05:00:00+00:00,1081.015,56.18290752921511,0.7311626463846039,16.727167375281624,19.542584140977862,-2.815416765696238,2.5265937237556493,0.016493100448999876,True,True,False,False,1077.7074667886473,1075.901179756151,1063.3086919856619,1014.3858417374962,-0.007203960103980278,-0.04813701812282223,-0.040310834977231313,-0.04189635146844639,0.004489224018731308,-0.06647185708228087,TRAIN
LLY,2026-01-21T05:00:00+00:00,1078.63,55.451516774764926,2.0472411831936137,6.113171440119913,11.339447897733756,-5.226276457613842,3.291476886685627,0.036058361909153014,True,True,True,True,1061.1805072935726,1060.802813157305,1060.2924776599066,1023.3925110645246,0.009673316685078648,-0.013535216628450142,-0.049573427157697414,0.0286300466955689,0.016552325959208636,-0.06780605092880554,TRAIN
LLY,2026-02-04T05:00:00+00:00,1108.03,59.78031687803988,1.9652644881747607,-0.8668355825739127,-0.0569809525249937,-0.809854630048919,3.4450782018537414,0.10485905451354616,False,False,False,False,1064.2908208079039,1050.742939895193,1052.9074643220583,1031.7164726520214,-0.04379753474954118,-0.0218332022029899,-0.04929564272601261,-0.04182121314300713,0.03615450901052775,-0.05780038215128713,TRAIN
LLY,2026-02-06T05:00:00+00:00,1058.46,51.15587272423303,1.1519235552198785,-2.0263786727448405,-0.9566962642527497,-1.0696824084920908,3.9439036767702946,0.036811378418619256,False,True,False,False,1050.522705201976,1047.2963463563513,1050.7653424149241,1032.3569438052687,-0.03321576360152201,-0.06035863396932084,-0.036826172688643855,-0.020412697531035584,0.024097166291739525,-0.06227492802325474,TRAIN
LLY,2026-02-23T05:00:00+00:00,1058.16,53.1699701231012,1.459886910798794,-5.427192515414163,-5.451207216204773,0.024014700790610632,4.364314335396213,0.049616124744579215,False,True,True,False,1037.5553249074237,1033.1829601277577,1038.6628048839334,1031.8989534100729,-0.0009776482766552519,-0.02050185944868299,-0.024124908944523238,-0.034064333090518706,0.014712648084959756,-0.03436146148832564,TRAIN
LLY,2026-02-27T05:00:00+00:00,1052.58,52.47821785402312,1.1798196328510953,-3.3067338791145175,-4.777655029988839,1.4709211508743216,3.094606992885509,0.02999226952922407,False,False,False,False,1040.4297078067139,1035.9837535843233,1038.0923658793342,1032.603124707949,-0.027369124952235313,-0.0408912877340466,-0.05387848681696594,-0.05858807795185317,0.007666220863584261,-0.07744077187619403,TRAIN
LLY,2026-04-01T04:00:00+00:00,954.735,50.18570099437966,2.3439900872292307,-27.63472779891231,-30.07084822387793,2.4361204249656225,2.855579222057879,0.03806008285040163,False,True,True,True,929.5656214642177,918.7999409690824,942.9765000236217,978.2646887019969,-0.007866752897021989,-0.013019370023642729,0.01294515537367058,-0.04175104165562282,0.021766096627474196,-0.04703618494290773,TRAIN
LLY,2026-04-30T04:00:00+00:00,934.86,53.257619556712356,3.0257409516426903,-15.95677449537709,-16.102493547150775,0.1457190517736855,3.217937903612764,0.09792361535209282,False,True,True,True,900.0697426563468,896.4606291836093,911.0041245495679,941.1690300305887,0.017171685189289576,0.043282778710065584,0.02940400426389722,0.06363127843037919,0.05167336858436511,-0.0038206207981087426,TRAIN
LLY,2026-06-25T04:00:00+00:00,1127.63,60.17736573169933,0.8536530800735828,23.26004418756952,30.252655005360992,-6.992610817791473,2.7927727053326765,0.009200340090392611,True,True,True,True,1119.9298600839472,1117.4691894681187,1101.7928334869996,1055.5246071584404,0.06580865140848191,0.05945745404436131,0.06953633609229115,0.049908574558110264,0.09317445034317662,0.0,TRAIN
LLY,2026-07-23T04:00:00+00:00,1185.55,55.302800856534695,0.5865028292599959,12.41540995004425,19.218104774630625,-6.802694824586375,2.934623471926833,0.019775323424167324,True,True,True,True,1175.2482435223772,1173.412490248189,1168.302676944282,1125.0122707623307,0.00032615513276201824,0.021768764373824023,-0.03344344553627432,-0.003269914279740771,0.02994355007317595,-0.03461844030942918,TEST
LLY,2026-08-06T04:00:00+00:00,1191.84,54.97102839783348,0.7919039248386144,1.987750545907602,6.617590034273576,-4.629839488365974,3.391514680781697,0.019285207262526693,False,True,True,True,1170.8481525815648,1165.6372111602657,1168.561692253655,1140.2052393071162,-0.004235918405044559,0.018400426530535086,0.015184654976259315,0.045797456769702816,0.038299587323310735,-0.02383701159944762,TEST
CAT,2026-01-02T05:00:00+00:00,598.37,58.8537252256278,0.80241682401198,3.474524687996336,4.947777974801026,-1.47325328680469,2.262873663929863,0.04457653600076794,True,True,True,True,587.1593751424841,583.3597467010484,581.6669794888579,565.9384624799166,0.014432803171104736,-0.018947680060527272,0.01577328574483139,0.06380039145380678,0.030707741903649666,-0.021554630832744004,TRAIN
CAT,2026-03-24T04:00:00+00:00,716.57,52.86952605537923,0.45253015557119625,-3.967698475834368,-1.4250470536921336,-2.5426514221422343,3.5338487516920902,0.021205945645512925,False,True,True,False,705.4207868187207,701.33068794746,708.0655371066464,691.8592101988336,-0.013756177924217461,-0.04540087863811082,-0.027333882482152627,0.059520867655134646,0.0,-0.08696457990115325,TRAIN
CAT,2026-04-01T04:00:00+00:00,730.175,56.06605858474297,1.210313354274781,-1.8736216247856419,-2.942794614088589,1.0691729893029471,3.222661886338403,0.030607348021849168,False,True,True,True,713.3150122940425,705.0081503239884,706.4551702886021,694.4482949723592,0.01561548807248525,0.025780420471437582,0.11440503999433704,0.09331776031712313,0.12619806045161752,-0.0026474127557160054,TRAIN
CAT,2026-05-26T04:00:00+00:00,908.14,60.89007616312963,0.6079355896249157,21.26004426588952,27.580251567791922,-6.320207301902403,3.1192091213123208,0.032053503951996465,True,True,True,False,891.3222194558712,885.4744912801216,871.1661099857129,821.5900459426385,0.009207317073170573,-0.029118625277161803,0.008957871396895856,0.013896895787139707,0.010964523281596472,-0.0535920177383592,TRAIN
CAT,2026-06-02T04:00:00+00:00,910.08,58.84124433480719,0.955706854000009,15.882941783196316,20.707174206239035,-4.824232423042719,3.0141384744826185,0.0518602420221681,True,True,True,True,892.5799131079959,888.3632143634101,878.1016316481814,833.9212780149771,0.013753186647263993,-0.010919395603794402,0.0006181822160464812,0.03497926627788672,0.035953040034136796,-0.039410483932733054,TRAIN
CAT,2026-06-12T04:00:00+00:00,910.76,54.61721461490867,0.6010421577910773,12.331603327373386,16.056226469913767,-3.7246231425403806,3.8076912217739656,0.014870489127104092,True,True,True,True,901.091171535578,900.4913373677266,892.7149616438244,853.9231681464682,-0.0065098765038134054,0.017210751933284252,0.0871600131899457,0.09928625373626487,0.08812798502302921,-0.011966684749657008,TRAIN
CAT,2026-08-04T04:00:00+00:00,877.09,48.42297418973435,1.7950267719998534,-28.478156397145312,-24.881836102414745,-3.5963202947305675,4.903919291553401,0.05541249518675406,False,True,True,False,850.0728749778646,846.7819161443656,877.6807061252969,891.9244089368403,0.0007577497129735988,-0.03290470723306538,-0.03190585533869117,-0.0343053960964409,0.03923650975889781,-0.04031572904707237,TEST
CAT,2026-08-12T04:00:00+00:00,855.67,46.17432875953282,1.144010487388647,-19.991828731424448,-22.87463957241179,2.882810840987343,4.581706231875106,0.014776864600751782,False,True,True,True,849.6773886715291,848.8760785721623,865.8057664372249,883.1713849526665,-0.0029391868249784014,0.02834799038932556,-0.04823415521705665,,0.03548018381581097,-0.06003755627609697,TEST
SPY,2026-01-05T05:00:00+00:00,687.73,56.21477433139265,1.1007778579221088,2.4364057986038006,2.5634908051564587,-0.1270850065526581,0.776571370409067,0.006439055800272264,True,True,True,True,685.8848861972745,685.4443785244382,683.2695185100323,678.8848076926287,0.005654727293871398,0.002209559251075799,0.010560821025700662,-0.014914524944760976,0.011847307826491571,-0.0006178043958599,TRAIN
SPY,2026-01-26T05:00:00+00:00,692.755,56.12663620841565,0.9374333122158511,1.7522792989598202,2.1775246774053203,-0.42524537844550014,0.8803359670549404,0.005158154381891933,True,True,True,True,690.4287094046751,689.2453292121503,687.9963425285797,683.6256240507088,0.0019880429302023828,-0.0002665130015125916,0.0017863574155441153,-0.00021609162284808026,0.005294244759778355,-0.01339768061658142,TRAIN
SPY,2026-02-09T05:00:00+00:00,694.0,54.60300026683602,0.7137263247367944,0.8229563404091778,1.3662346699930064,-0.5432783295838286,1.1810930424042827,0.004748668056520744,True,True,True,False,690.478709677153,689.6796154153063,689.4289192523596,685.9530108350169,-0.004029298758112532,-0.019743563914751405,-0.017484278539666942,-0.010850325941488825,0.003122706537537434,-0.02751435437682581,TRAIN
SPY,2026-02-20T05:00:00+00:00,689.44,51.86639820193657,0.9397541739663293,-0.628205060010032,-0.15310858978852152,-0.47509647022151047,1.3191347843384282,0.007209589411326434,False,False,False,False,687.0419090221765,686.5439661077965,687.6208527675881,685.9978194557339,-0.007872870944526378,0.007698402890354172,-0.0023916662426123336,-0.02233918043631533,0.00851258714315839,-0.011347693023458616,TRAIN
SPY,2026-02-24T05:00:00+00:00,687.37,50.10616258197222,0.8971154318228279,-0.7933118248731716,-0.40858725588834544,-0.3847245689848262,1.2975960129603739,0.007297879511716232,False,True,True,True,686.0429772555442,686.0095597442225,687.1657460889157,685.9156956990455,0.004288984843654919,-0.005766945837076598,-0.014272466456081379,-0.018851247572956198,0.005100414408670595,-0.029653403657229016,TRAIN
SPY,2026-04-01T04:00:00+00:00,655.18,45.437975429299755,0.9096621099812546,-9.730559938804959,-9.090231603663666,-0.6403283351412927,1.6371182619389204,0.007783178490124776,False,True,True,True,649.3952258030024,649.2531261491853,659.0862805191352,670.3601815933665,0.014440963762230696,0.01980894922071408,0.051738407394516184,0.08524577483853513,0.05364118033801302,-0.002003325985226345,TRAIN
SPY,2026-06-15T04:00:00+00:00,754.75,60.44384641942432,1.076946638448272,4.521460696003373,6.8224326348928,-2.3009719388894263,1.3318506601050468,0.017635875793816647,True,True,True,True,746.6054115682448,743.7426783736211,741.7113179208973,726.7187082619686,-0.005261414087866845,-0.010337287124776329,-0.0277383871181498,-0.010469816446888824,0.001179510966801578,-0.02948777417003512,TRAIN
SPY,2026-06-30T04:00:00+00:00,746.65,55.08791624760378,0.7505730248037391,0.6588004106710059,1.8371684395894232,-1.1783680289184173,1.4876926462006466,0.007815241746078838,False,True,True,True,741.5619388784846,739.5973518534436,740.289950681743,730.9956336672783,0.000939641459665852,0.008463484861704895,0.0004228386568496667,0.013161692160034377,0.009980334646594091,-0.007268797862986953,TEST
SPY,2026-07-31T04:00:00+00:00,746.79,52.892616383023785,1.2739815217182784,-0.8392220509456365,-0.053727183072023454,-0.7854948678736131,1.1200318314768163,0.006957647344363105,False,True,True,True,742.5348729770037,741.5162707387285,743.1039648477624,739.0264742222633,0.010980800277522018,0.027085084524143044,0.03158147540327416,0.035770990940506175,0.03645145365515212,-0.00037358737274673093,TEST
RTX,2026-01-27T05:00:00+00:00,201.17,66.75301923085652,3.8370317499725695,4.631802134907474,4.699619207097255,-0.06781707218978106,2.4710798968889134,0.03695876288659794,True,True,True,True,198.2050770823,196.82764114030783,192.5108574850154,185.13652340152902,-0.011011904761904723,-0.005605158730158655,0.009424603174603252,-0.03189484126984132,0.018055555555555713,-0.02083333333333326,TRAIN
RTX,2026-02-12T05:00:00+00:00,201.44,60.053673181505125,1.1534603234276968,2.4382913568104243,3.1690660024071247,-0.7307746455967004,2.529111823442642,0.024618514750762932,True,True,True,True,198.91288454030328,198.16978994472686,196.56472774389195,190.27757260608573,-0.0061602662824779,0.017387848377962145,0.01733816881116801,0.006209945849272147,0.025808534949575357,-0.013463162601222045,TRAIN
RTX,2026-03-02T05:00:00+00:00,212.175,66.92622817564143,1.7972530854251156,2.5335350265440866,2.3933658705651863,0.14016915597890023,2.27793768620916,0.04757085020242924,True,True,True,True,206.22113422096695,202.94983273398176,200.5114701767833,194.63921738927274,-0.026264912528881967,-0.03857216956665255,-0.017824303296081534,-0.028056773706794824,0.01056255010138174,-0.05533550242844332,TRAIN
RTX,2026-04-02T04:00:00+00:00,196.21,47.43150095013499,1.0318230571377993,-2.4803471609871792,-1.7524044530335954,-0.7279427079535838,2.359534609419936,0.008169766724899885,False,True,True,True,194.55398542894534,194.28949446870647,197.36830607161536,197.1762764489304,0.013072562937241461,0.03886023591890919,0.02951539600674047,0.0030894142879027697,0.04846039932594581,-0.003855384772506909,TRAIN
RTX,2026-05-11T04:00:00+00:00,178.63,41.66150757782907,0.9053824774585528,-5.365088046478178,-5.79578247413573,0.43069442765755195,2.4435984996921025,0.014712565326062244,False,True,True,False,177.29705093792057,176.70418843156628,181.45560612574582,188.17401917908583,0.004210171775008487,-0.012939261255192402,-0.012209498147524367,0.004939934882676633,0.009936005389019842,-0.04128775120691586,TRAIN
RTX,2026-05-22T04:00:00+00:00,177.05,44.92430022479269,0.6947510969941727,-3.2930591681106023,-4.17568408242355,0.8826249143129479,2.033727357082342,0.005851607771844014,False,True,True,True,176.22821689636314,175.8480834772561,178.1596913508442,184.42484610675945,0.006126004608553837,0.00553588489855561,-0.020626088911369744,0.0036531220142752563,0.020120272017085217,-0.021075703928511214,TRAIN
RTX,2026-06-04T04:00:00+00:00,179.48,51.764692019127246,1.0769220940564088,-1.7483259459832539,-2.4201513059506543,0.6718253599674004,2.248758317679647,0.03974047039740469,False,True,True,True,176.7474149097514,176.37905700501022,177.35679667204656,182.32590416724625,0.01145443370397281,0.013912946303849871,0.02877577247583396,0.03726881600268195,0.030060904062133353,-0.011119181985807747,TRAIN
RTX,2026-07-15T04:00:00+00:00,195.88,58.77243627879143,0.9816130343138799,3.7486321059845977,3.7898893652961507,-0.041257259311552996,1.9864567227748753,0.011202312735532516,True,False,False,False,195.42288147782844,195.19827564537582,191.6230251978187,187.92956675032397,-0.005653619851624381,-0.005167562036326401,-0.0036838066001534386,0.10222563315425948,0.014684062420056376,-0.026349449987208895,TEST
RTX,2026-07-23T04:00:00+00:00,209.09,71.7287121679857,2.6040711750464234,3.550727386931726,3.2475038002112595,0.30322358672046645,2.434016793861836,0.07374313151543177,True,True,True,True,201.72871689809108,197.72958050169788,194.08479758123974,189.84222671991034,0.010491585368748169,0.037432647345059245,0.01770751738707288,0.06026727432409973,0.05039284103586583,-0.005862944764888911,TEST
AMZN,2026-01-05T05:00:00+00:00,233.005,54.972399709170666,1.5990749209597221,0.3907611478984734,-0.04402225824222601,0.4347834061406994,1.7911939351393433,0.028765066890370283,True,True,True,True,231.00811538637052,230.5100987431308,229.78390527821176,229.0832685954467,0.03675805965652312,0.05982869194679963,0.06073257865966508,-0.005595489174880619,0.07140705031636019,-0.0009038867128653427,TRAIN
AMZN,2026-01-26T05:00:00+00:00,238.38,53.93114832607435,1.0553192017803354,1.4073572802366243,1.92155908214874,-0.5142018019121157,2.392938046096865,-0.0032197365670082467,True,True,True,True,237.41744861544106,237.00291306117106,236.0955860815513,233.33534942652275,0.021009805967035167,0.008241185061548029,0.013498852493219138,-0.12933444606718136,0.03388274567076999,-0.01205925307740463,TRAIN
AMZN,2026-02-25T05:00:00+00:00,210.67,42.36790336782218,0.49517950920089343,-7.243123632288899,-7.485120347778763,0.24199671548986412,3.561595996446713,0.009923298178331708,False,True,True,True,209.028950349068,208.12085068550624,214.89206227246163,222.88267173307545,-0.013100436681222849,-0.01148661477121704,0.029072527055249653,0.009255743307385655,0.032537497626732526,-0.03858932978925378,TRAIN
AMZN,2026-03-17T04:00:00+00:00,215.345,51.61222118733555,0.9850416352303982,-1.8162864572124136,-2.876667356879275,1.0603808996668613,2.5679723234809235,0.016857513870853547,False,False,False,False,213.01296502382502,212.21482519498892,212.9281208090506,218.27195042439388,-0.01907433380084156,-0.040158952781673696,-0.0309490416082282,-0.025759700794763973,0.005329593267882071,-0.044787283777466214,TRAIN
AMZN,2026-03-25T04:00:00+00:00,211.715,49.39744205539324,0.7740488131964882,-1.9020496920141454,-2.2779955962257334,0.375945904211588,2.4008016167286854,0.02139617908143565,False,False,False,False,209.91614007849728,209.82693205711502,211.19225308868877,216.26877469032144,-0.014386781254451364,-0.04589050852286225,-4.74811262524133e-05,0.10882674137030524,0.014078153933811288,-0.05438963012202658,TRAIN
AMZN,2026-04-01T04:00:00+00:00,210.6,50.43699705673185,0.9126582411474125,-2.227971472608772,-2.442765023161052,0.21479355055228,2.6522859856193173,0.010605115408608867,False,True,True,True,208.02300437745305,207.28028818581066,209.10516115310602,214.31678998562177,0.01397823458282943,0.0341475211608222,0.12952841596130593,0.20776299879081028,0.1308343409915358,-0.00880290205562273,TRAIN
AMZN,2026-05-13T04:00:00+00:00,270.145,67.36303706276226,1.2551155613275204,10.438120538492626,11.68726780897691,-1.2491472704842845,2.700137227890839,0.016193951248871574,True,False,False,False,269.1945128925759,268.88253981226165,260.0676471691331,244.31464750225138,-0.007023411371237631,-0.016053511705685808,-0.015235971757710964,0.018134522482348592,0.0061872909698994505,-0.05163507989594951,TRAIN
AMZN,2026-05-21T04:00:00+00:00,268.5,60.944274896762735,0.8340290455140865,6.127354466385896,8.349118255923514,-2.2217637895376185,2.363394519819098,0.013207547169811429,True,True,False,False,266.1106955139465,265.93647777716205,262.1738002073499,248.70025570605176,-0.00887755671772339,0.011892575980346765,0.007276990936331051,-0.08376914630287902,0.022426532169511182,-0.024436545011259803,TRAIN
AMZN,2026-05-27T04:00:00+00:00,271.85,62.71828314437152,0.9570688280958168,5.36384410594809,6.921766753986715,-1.557922648038625,2.280406736908484,0.0248049157462209,True,True,True,False,268.79008693924334,267.1802357716963,263.61709256750555,250.86842981629454,0.006262051234964705,-0.040675787347351,-0.0818473969332475,-0.12599393995041774,0.008832981360756609,-0.09018455605545861,TRAIN
AMZN,2026-06-30T04:00:00+00:00,238.23,44.91088243739512,1.1886083407517896,-5.8471011097173005,-5.692231314950783,-0.1548697947665172,3.542944693303592,-0.007871064467766198,False,True,True,True,236.865200222741,236.5337943358414,242.39933002382716,245.77717833622094,0.008279457768509024,0.0183941605839415,0.016058394160583855,0.0633576642335767,0.038227320125130415,-0.020125130344108344,TEST
AMZN,2026-07-31T04:00:00+00:00,271.465,67.93702432066871,2.84410838533395,-0.5918498233378386,-1.814164289932796,1.2223144665949575,3.3706002615438475,0.1514952279957582,False,True,True,True,252.0539847183705,243.26565883430257,242.70088118899142,244.28806536405042,0.020234119717045473,-0.021077956120507002,-0.014812021975654455,-0.05691407231857526,0.031150131063952147,-0.027864555280261327,TEST
XOM,2026-01-08T05:00:00+00:00,122.9,58.13739635901247,1.5072479576727684,1.3298195179203844,1.1272782792408893,0.20254123867949514,1.908927118447053,0.03721833066081537,True,True,True,True,121.64488114712292,121.18345583479194,119.75130155807601,117.99633837920284,0.011609027439519304,0.026952427342100904,0.04846566000974173,0.09563240785841853,0.06924825458678363,-0.0049521026140608715,TRAIN
XOM,2026-02-18T05:00:00+00:00,150.655,65.50403776272698,1.0808531421937162,6.106054479810808,6.339002261010017,-0.23294778119920867,2.7845076499286447,0.030190098468271254,True,True,False,False,149.37631893571378,148.7583041694246,143.18138090787286,133.93656750002776,-0.009126124351651388,-0.009848335631278293,-0.021272404963561198,-0.01601995929354605,0.006696868229269404,-0.03837568117654777,TRAIN
XOM,2026-02-23T05:00:00+00:00,150.81,62.8753878403605,0.71152928277844,5.310161758588521,5.943978735377768,-0.6338169767892472,2.7115481163621196,0.023828920570264644,True,True,True,False,149.76703986696424,149.25278234583354,144.79668738382634,135.7165802731285,-0.008929757004381922,-0.013676802549462241,0.023702031602708784,-0.0019253751161864008,0.05683176205019258,-0.02549462222812382,TRAIN
XOM,2026-02-27T05:00:00+00:00,152.59,63.867112853890454,0.7931704914007897,4.354570124218753,5.113956757636615,-0.7593866334178614,2.5275481448887285,0.027127086698976788,True,True,True,True,150.75887749168527,149.85239756322912,146.4431229996765,137.81716268668316,-0.030434509212098337,-0.05759919512041756,-0.049267433817518747,-0.01817267182292659,0.0009432182607056472,-0.06992391372696982,TRAIN
XOM,2026-03-12T04:00:00+00:00,153.52,60.90004658453214,0.7803206527840831,2.770064516835788,3.420397289951755,-0.6503327731159669,2.605988982356883,0.01313271299412655,True,True,True,True,151.98474390135095,151.13522036449217,149.18462319383,141.8692819450863,0.014554905782975913,0.03226120857699799,0.027387914230019517,0.07498375568550997,0.04249512670565303,-0.005815464587394459,TRAIN
XOM,2026-04-29T04:00:00+00:00,154.65,52.810975996037854,0.9667664292349263,-1.6979392004337228,-1.6413973149904924,-0.056541885443230466,2.5483811371299265,0.02723347725008307,False,True,True,True,152.14001907878378,150.8711256975858,152.65765117501235,151.47648209887802,0.01364739846466767,0.00879207401089177,-0.02486713470244728,-0.005183386916868926,0.021455285086280584,-0.03470900859523651,TRAIN
XOM,2026-05-13T04:00:00+00:00,151.62,49.91063946614189,0.8800384463604668,-1.241138879555848,-1.3557191889302347,0.11458030937438668,2.5870597546497804,0.006438765350149422,False,True,True,True,150.51527345613164,150.11095925612,151.2388700897776,151.17294914363504,0.008083140877598094,0.05892444737710312,0.03130979874628825,-0.030089079511712358,0.07997360607060355,-0.0017815902342461776,TRAIN
XOM,2026-06-03T04:00:00+00:00,152.74,51.34815180168031,0.8966664905275528,-0.8439929715818835,-0.5240330137919477,-0.3199599577899358,2.722413438335922,0.02054588581164607,False,True,True,True,150.84302369833108,150.58175284619594,151.64753206957676,151.73017369297122,0.004491116835083631,0.002906016775642284,-0.004821346014133754,-0.07014067763027543,0.015652863086982327,-0.023875569645333883,TRAIN
XOM,2026-07-07T04:00:00+00:00,141.635,48.70521615496332,1.090714834193372,-3.18716959406936,-3.5234890517135824,0.33631945764422255,1.8352001371735205,0.03799926713081714,False,True,True,True,139.09987562013237,138.2202558376982,140.96143702327274,145.27952777568703,-0.01725520270505798,-0.03210513473001697,0.011608045456129812,0.05762191933628458,0.014431624080593952,-0.04402691114442081,TEST
XOM,2026-08-10T04:00:00+00:00,159.785,64.92847572899457,0.9809927381038147,2.9378384986777064,2.8659005465750975,0.07193795210260889,2.6128860656507222,0.04482442947753862,True,True,True,True,156.6264981460497,155.14882182709843,152.22618089416892,149.48893334071266,0.0008142557389370086,-0.0064200933262347215,0.011744073157746282,0.027653377595440176,0.017882308728195184,-0.01387366509035104,TEST
TSLA,2026-01-22T05:00:00+00:00,449.33,51.921423848909086,1.1721840050231904,-4.457323245730663,-3.0543937571281274,-1.4029294886025356,3.440201442783063,0.04163479147831328,False,True,True,False,439.7909320669221,438.7041634667173,444.34667114796787,444.8338846853765,0.0036201926300030163,-0.0370287604192272,-0.06943171914456192,-0.1123488793045655,0.011039352834700145,-0.07329772732351558,TRAIN
TSLA,2026-02-10T05:00:00+00:00,425.25,48.07735507808012,0.7857033934316292,-8.558221424108183,-8.009691838712701,-0.5485295853954817,3.6824556983287153,0.019295302013422777,False,True,True,False,419.05015392237146,418.1415953065266,426.8472568340632,435.2659558182845,-0.0017715617715617915,-0.02692307692307694,-0.04111888111888107,-0.027109557109557092,0.016946386946386838,-0.06634032634032627,TRAIN
TSLA,2026-02-25T05:00:00+00:00,417.37,48.1589320965471,0.9703138783739735,-6.752097830432433,-7.362583016274652,0.6104851858422187,3.3675156336104677,0.01941771286209759,False,False,False,False,412.5101856971898,412.17974271896725,418.03901294128343,427.93767899179863,-0.01624459617306684,-0.02853943137892412,-0.022289657165564858,-0.017761882398275586,0.0034801247546452085,-0.07180617270570666,TRAIN
TSLA,2026-03-11T04:00:00+00:00,407.84,48.156803232069535,0.9082725023815196,-6.335833800426315,-7.108635088989416,0.7728012885631017,3.3367427002185748,0.021668879480948755,False,False,False,False,403.5841994000949,402.9182883134438,408.1591578397885,419.38762045583553,-0.024617283950617352,-0.023111111111111193,-0.030123456790123404,-0.046987654320987615,0.003209876543209811,-0.03703703703703709,TRAIN
TSLA,2026-04-14T04:00:00+00:00,364.16,45.85074324798114,0.7797491735189176,-12.442547818260834,-12.879287217208795,0.4367393989479602,4.111320769520466,0.033180599492148355,False,True,True,True,357.1868620913267,356.0569094837804,367.375723953353,387.80386606162506,0.06884798909338796,0.09243353783231067,0.05336059986366726,0.025521472392638023,0.11596455351056578,-0.011561008861622368,TRAIN
TSLA,2026-04-30T04:00:00+00:00,381.62,51.82839100810766,0.7105624659734608,-0.30996666211990487,-1.598169954299452,1.2882032921795472,3.7752588588498663,0.02367252779677842,False,True,True,True,378.34262862844025,378.33055870246767,377.2248098653606,385.96255836915947,0.02027706328585044,0.016568958988888882,0.07541552964524922,0.15737246863126564,0.08574338351460398,-0.008682709005209621,TRAIN
TSLA,2026-05-22T04:00:00+00:00,425.95,58.28235862565766,0.9829124016613203,10.168644306243891,10.821359865709667,-0.6527155594657756,4.256955041671557,0.019543545124884654,True,True,True,True,421.1286708469945,419.7882415592755,410.4776429467733,401.35546734746356,0.008209302325581369,0.028000000000000025,-0.033627906976744115,-0.04895348837209301,0.036186046511627934,-0.03369767441860472,TRAIN
TSLA,2026-06-15T04:00:00+00:00,411.22,50.58775795538277,0.9315582034272069,-1.7024114062560898,1.41445166882763,-3.11686307508372,4.29688314214845,0.011511782358439637,False,False,False,False,406.12067653414454,405.64594266255256,410.1232639898151,406.54693713823,0.001534235727895794,-0.008957956991908156,-0.055863502511692364,0.04023656925094654,0.026032515899136355,-0.061913835341862455,TRAIN
TSLA,2026-06-29T04:00:00+00:00,411.66,53.97431202201189,1.2312263108548853,-5.8418394804619425,-4.669392980197709,-1.1724465002642335,4.485150713834578,0.08617414248021116,False,True,True,True,395.4433021026058,392.4781499060035,399.26742504411015,402.0675490542406,0.03287550062655109,-0.034816580259957264,-0.009803680680115057,-0.02659770510331949,0.06353964470871531,-0.043367158898253155,TRAIN
TSLA,2026-07-09T04:00:00+00:00,406.51,50.867913532008686,0.7082266414108526,-0.5759372532505722,-1.66693637299443,1.0909991197438578,5.0588282839642,0.032118011476159,False,True,False,False,403.6272914226766,403.5850262688384,403.31651891139563,403.58606244253406,-0.008992150095997409,-0.03719590735655087,-0.049687705057476994,-0.2233698690062459,0.003937103555544663,-0.06347971905606731,TEST
TSLA,2026-08-07T04:00:00+00:00,328.485,41.399687955939804,0.9993828013039279,-19.75429076673646,-20.778522099928715,1.0242313331922546,4.518688611569561,0.027880779159821678,False,True,True,True,324.50754208435603,323.3574357872103,341.3454610531468,367.0728805181603,0.012888018122818812,0.0024490295720318578,0.048031592481479146,0.1105736851772483,0.0753076593399864,-0.00896957080756755,TEST
BAC,2026-01-02T05:00:00+00:00,55.97,61.55355538852016,0.805365258348556,0.6663566791576017,0.6949315145917898,-0.02857483543418815,1.470813445978711,0.017636363636363672,True,True,True,True,55.608298780223784,55.494129099584775,54.889258902001146,53.845731712998834,0.01245551601423478,-0.010320284697509008,-0.0070284697508897764,-0.05747330960854102,0.024021352313167155,-0.013345195729537407,TRAIN
BAC,2026-01-30T05:00:00+00:00,53.23,47.99120465172933,1.1837606779757732,-0.6163937252485283,-0.5409488444414372,-0.07544488080709111,2.0202087974021112,0.0035822021116138636,False,True,True,True,52.86026336345439,52.66320656295569,53.3351614266906,53.59267757632783,0.01599096980528647,0.04242310224814205,0.06368168563634646,-0.011946195089831635,0.06979587997366199,-0.00376258113065564,TRAIN
BAC,2026-03-24T04:00:00+00:00,48.17,42.53651392546885,1.1329914546027218,-1.313936461324431,-1.434895268876065,0.1209588075516339,2.6446513834929863,0.013678451178451123,False,True,True,False,47.737322639364365,47.600065864722126,48.742911107679134,50.65170160984144,0.0036011935384299143,-0.033851219261240795,0.002983846074699148,0.0680111122543472,0.010597798127379265,-0.03611482662825383,TRAIN
BAC,2026-03-31T04:00:00+00:00,48.74,49.22805633166642,1.0786095262816144,-0.8745679941036002,-1.144882144635228,0.2703141505316278,2.3455360806612338,0.03197120474274828,False,True,True,True,48.077103832480134,47.864085200230065,48.450240922241484,50.16704737501565,-0.012625250501001939,0.003406813627254479,0.04008016032064132,0.08837675350701413,0.04679358717434878,-0.034869739478957995,TRAIN
BAC,2026-04-30T04:00:00+00:00,53.47,61.69185823001139,0.7978188376400608,0.7956078387354921,0.8707195961356098,-0.07511175740011766,2.1019797483234925,0.010775047258979153,True,True,False,False,53.11567048411552,52.93618845246695,52.21958849816369,51.567294879724145,-0.006347428358069562,-0.008120974516941937,-0.015495192756464049,-0.06935498926537842,0.011761411369364483,-0.02912349481937826,TRAIN
BAC,2026-05-05T04:00:00+00:00,53.13,57.10096816460502,0.6465561869936778,0.6495524525820215,0.7816531265022733,-0.1321006739202517,1.9635126777983907,0.01684210526315799,True,True,True,False,52.92008381051444,52.89948235829378,52.380404581640626,51.71430961926157,-0.006859473489061907,-0.04931405265109379,-0.058027437893956146,-0.05969595847237674,0.004727474972191281,-0.07601038190582121,TRAIN
BAC,2026-05-20T04:00:00+00:00,51.15,48.08701827488457,1.8614874925924916,-0.3393536044780987,-0.11251633261244942,-0.22683727186564928,2.202904622259459,0.008477917981072558,False,True,True,True,50.8398633221731,50.83839391308589,51.36921292332985,51.429788100467846,0.009117647058823675,0.023921568627450984,-0.003529411764705892,0.060980392156862795,0.02941176470588225,-0.007058823529411784,TRAIN
BAC,2026-05-29T04:00:00+00:00,51.61,51.2154438016128,1.0098027133440783,-0.12176810353097522,-0.1437846966290336,0.022016593098058368,1.9299969551858722,0.015545060999606397,False,True,True,True,51.37820098940895,51.303327585716275,51.41513119408807,51.44259302068219,0.004094365373367159,0.022031585104308915,0.049327354260089606,0.09163579645154996,0.059270813023981184,-0.008188730746734318,TRAIN
COST,2026-01-05T05:00:00+00:00,875.72,49.20783276000192,1.0487807048658653,-9.552772194540353,-11.553801034802817,2.001028840262464,1.490079999477982,0.02482124258346885,False,True,True,True,867.6328235813085,865.814367354036,873.0581821627148,891.1262372125733,0.018449592872112452,0.04850032638944546,0.08034906492286908,0.10382620048328528,0.08197528602022452,-0.0013399145661311396,TRAIN
COST,2026-02-03T05:00:00+00:00,978.23,64.39204365267469,1.2196639632407895,18.706406559542756,19.736173703071017,-1.029767143528261,1.774889340952536,0.01047423276761461,True,True,True,True,968.7090385750042,964.1279393765382,946.928143822493,926.5419385728386,-0.006176539309406093,0.016802625029206375,-0.0131759399412823,0.011733392931519537,0.025600130032406465,-0.015212775683939972,TRAIN
COST,2026-02-24T05:00:00+00:00,998.24,59.01534482459314,0.9642210616467111,14.717063241639949,17.52975769937675,-2.8126944577368,2.009787225516909,0.012619192533982693,True,True,False,False,993.0563109764755,992.4644427948459,981.1141106333521,955.069232263869,-0.002811536823113636,0.013546495602275499,0.009777733229759278,-0.0003357806901044258,0.022657679103916584,-0.013205703260079638,TRAIN
COST,2026-02-27T05:00:00+00:00,1011.19,61.58548608347565,1.1790412059424802,13.358330457951638,15.458646377453135,-2.1003159195014973,1.9829182872231148,0.02488242925484485,True,True,True,True,1000.7457888720595,995.9423647169166,985.3384677936529,959.9003622031641,-0.0080620431096734,-0.004139834406623688,-0.0124640175683296,-0.002581832210582613,0.00926887655676567,-0.046621360952013524,TRAIN
COST,2026-03-09T04:00:00+00:00,1004.93,56.616056910301246,1.2856898981617364,10.032217408446172,12.299794808535157,-2.2675774000889852,1.922841818406683,0.006631206739389661,True,True,False,False,1000.4704029511258,998.9357878044422,991.738903048584,968.4978624794987,-0.003387527105213173,0.0026480669111548227,0.0011991246390135046,-0.0348695452319806,0.012061195327411012,-0.016038292046805847,TRAIN
COST,2026-03-12T04:00:00+00:00,1003.38,55.50440516621381,1.1012542813710526,8.075998985891033,10.402412394950485,-2.3264134090594517,1.8553005128380369,0.011553351076699858,True,True,True,False,999.3963003688907,998.4962623003067,993.2329699839097,971.7923771615032,0.0005457702803273179,-0.011302406350781391,-0.03270652443562394,-0.027546514512527875,0.005011163483006564,-0.03665591664599366,TRAIN
COST,2026-03-27T04:00:00+00:00,984.11,49.784690370497316,0.8197039576944438,-2.181259963607772,0.5332054866178115,-2.7144654502255836,1.457081598021128,0.004204124531882902,False,True,True,True,980.4434552247894,980.2843352594246,985.1144004963976,975.3838517299739,0.006071066297255179,0.005717803919193631,0.028013706580268805,-0.01022946914757783,0.0301332808486372,-0.004355220460956932,TRAIN
COST,2026-04-20T04:00:00+00:00,997.79,51.407075665276295,1.5957269882120917,1.1160017248895429,2.631223494511083,-1.5152217696215402,1.8671621426209064,-0.0019854467255132624,False,True,True,True,995.3445911698982,995.1454611633437,995.5465153257245,986.6485001783243,0.012248512968125569,0.020853672037761894,0.004347869845710894,0.019635865900421656,0.022242574905142032,-0.0068237401745187,TRAIN
COST,2026-04-30T04:00:00+00:00,1014.45,56.935233040454676,0.8776647666015334,3.04386388348496,2.744047274797462,0.29981660868749804,1.6049161051379004,0.015801015350416225,True,True,True,True,1006.6217366842575,1003.5241783602962,1000.4935494472113,991.6499600291642,-0.003015521064301474,0.0018132544961813046,-0.002305986696230611,0.02614437053461449,0.01627494456762757,-0.0230845035723084,TRAIN
COST,2026-05-07T04:00:00+00:00,1012.41,54.33040783607279,0.8291456144608317,3.701458798083536,3.4781736222525517,0.22328517583098417,1.7103107577816448,0.01689450476601806,True,True,False,False,1008.5672417713831,1007.5491985588494,1003.9372102919019,994.9310850123205,-0.0024825676277137054,0.010583057217743885,0.029899609317046716,0.03863310419860544,0.03033480045497261,-0.02539933732258537,TRAIN
COST,2026-05-12T04:00:00+00:00,1021.75,57.15990961772142,1.0807870045578192,3.8432861643070737,3.451687748761688,0.39159841554538577,1.8000978712992424,0.02230204310327566,True,True,True,True,1012.8784052214229,1009.4399932862624,1005.532351834637,996.646092985462,0.013336341653627848,0.029336027741944992,0.07422539839806941,-0.015239431231269474,0.07559876201080051,0.0,TRAIN
COST,2026-06-10T04:00:00+00:00,983.685,46.15865847194491,0.7420448765761638,-12.772307543304692,-9.51330849506471,-3.258999048239982,2.3816059002627843,0.015773277847192846,False,False,False,False,976.9063571437886,976.6606003295776,991.8820373171218,997.9056190739606,-0.009758623841099934,-0.005189028910303928,-0.019111061466129065,-0.043543162362785215,0.01039328980371046,-0.023772048295541026,TRAIN
COST,2026-06-12T04:00:00+00:00,982.32,46.287423596741625,0.6426465368798747,-11.36479776288229,-10.342675340332455,-1.0221224225498347,2.15241178318383,0.007342384839410965,False,True,True,False,979.1765892859471,977.6588816808555,989.6307746422494,996.4374130705804,0.006110648961189513,-0.007969518645181806,-0.0230458760822011,-0.028170605210997124,0.021869961282106498,-0.03194996456850607,TRAIN
COST,2026-07-08T04:00:00+00:00,953.25,45.88546067957519,1.0597745695013305,-11.94766422120074,-13.393754318282785,1.4460900970820454,1.9729122176014386,0.0063341250989708,False,False,False,False,950.074534860066,948.5622257991565,958.6514353946329,975.3345930703539,-0.021861875374989292,-0.00784263306762667,-0.018160195422987968,-0.0066319533727607904,0.0010285420416560331,-0.027717065226707804,TEST
COST,2026-07-16T04:00:00+00:00,945.46,48.687770302183594,0.8038204495625693,-13.772735824067013,-14.569927940950624,0.7971921168836111,2.161230663229689,0.031699785030717686,False,True,True,False,932.6526489821886,931.4468261444733,943.7291501419554,964.3011285389948,-0.022585253097161306,-0.03446484689504725,-0.03794509518738809,-0.008991507155286738,0.001521959327844602,-0.04727423837103606,TEST
COST,2026-07-24T04:00:00+00:00,935.35,46.6989973058969,0.9091642621734701,-9.564814952005008,-11.65723854622161,2.0924235942166014,1.9443829277046762,0.010042654284325936,False,True,True,True,931.7066820153467,931.5882645469039,938.6644380249708,957.4804248696091,0.01198028278359442,0.036238627239323806,0.012033457585119534,0.007907092986775499,0.04967589958470486,-0.0023184213464922943,TEST
COST,2026-08-10T04:00:00+00:00,952.765,52.01896662301145,0.8397495533011414,0.2704230079714307,-1.318489954473329,1.5889129624447598,1.8387835105493706,0.005312694543804675,False,False,False,False,950.2680403720778,949.5638115856943,947.5868132060477,955.9570974853302,-0.006534778491002813,0.011996211722614003,0.00370409344417566,0.0226770493528361,0.015847627065137315,-0.013258970851310004,TEST
COST,2026-08-13T04:00:00+00:00,961.7,55.803325571925704,0.684744705689981,1.1133625514597725,-0.46071295826281994,1.5740755097225925,1.890922325049391,0.012827533911871303,False,True,True,True,955.0247550465098,951.5173215005394,948.7668769391794,955.5101816198267,-0.0025951377499117134,-0.0017958353229389212,-0.0313285029169349,,0.015191936387983551,-0.0388647829426787,TEST
GS,2026-01-02T05:00:00+00:00,914.25,64.54937080710339,1.2155885482062243,19.963418806663526,22.096575434283015,-2.1331566276194884,1.9336302199304687,0.04063513744237679,True,True,True,True,899.575521537312,894.9945793784331,877.9392709188689,846.5957990513787,0.0397928994082839,0.03029804952881876,0.028665351742274803,0.05449265833881212,0.053550295857988095,0.0,TRAIN
GS,2026-02-02T05:00:00+00:00,946.085,56.89029351812838,0.6769244216696668,12.03403753133557,16.140050552326933,-4.106013020991362,2.657606270653722,0.011012203723097302,True,True,False,False,941.1244617848602,939.2980663783121,931.9099714318045,899.3460923559663,-0.010921735465346027,-0.06134190353257296,-0.005147388108848516,-0.03455651853217767,0.014414794130818587,-0.07598324596296202,TRAIN
GS,2026-02-09T05:00:00+00:00,944.14,55.003045802735954,1.1904473900032175,4.964295002444032,9.211368540959349,-4.247073538515316,3.0241050812682126,0.01595261025594108,True,True,True,False,931.5370144307769,929.297388128847,928.8264868469022,903.7010685563375,0.001880394248951589,-0.0446435173936468,-0.03209347038379062,-0.04689365208480789,0.02280242127169596,-0.08114218104604864,TRAIN
GS,2026-02-26T05:00:00+00:00,928.7,52.055464798402845,0.6788171585522125,-1.9975359548161578,-0.5656031263058316,-1.431932828510326,3.3278853697180386,0.007944604831882751,False,False,False,False,920.8111540562576,917.8078462817119,921.4406896764863,909.4589965645091,-0.060807453076961004,-0.058197128643122875,-0.08769707130336024,-0.14023121576679642,0.0,-0.1018299575685756,TRAIN
GS,2026-03-23T04:00:00+00:00,831.49,45.02549736275846,0.6564315220430879,-25.27634331656475,-27.170712304618487,1.8943689880537384,3.2105016296046855,0.022177146720757213,False,True,True,True,820.7331067745519,816.008986198407,838.647523450659,866.2247375945453,0.01510054889007617,-0.0008500510030602371,-0.018688978481566032,0.04992228105114882,0.035932870257929794,-0.030972215475785658,TRAIN
GS,2026-03-31T04:00:00+00:00,845.7,51.485307302487094,1.49528156734024,-14.922113975719526,-20.28691850653126,5.364804530811735,2.924584874744506,0.046541845586506536,False,True,True,True,828.8585641683524,823.5509421125889,833.0415757914396,857.6398978369879,-0.007677974998990478,-0.00035188315171930107,0.045104497758908124,0.03776110018286394,0.05859142904939629,-0.04067423119299929,TRAIN
GS,2026-05-06T04:00:00+00:00,937.475,59.58350151224909,1.3625127593373754,14.063091282179357,16.062416889255456,-1.9993256070760985,2.286499068546589,0.02066979498960242,True,True,True,True,926.535729671376,922.4633319251649,910.5688278227846,893.2700068983672,-0.013340869342660877,0.008019451435396396,0.01914217463635204,0.047508851256238493,0.02313057202576463,-0.017142643859574314,TRAIN
GS,2026-05-20T04:00:00+00:00,982.27,63.71426786907589,1.7863012655651629,16.42750161980075,15.796472131073266,0.631029488727485,2.5050938860278467,0.05756890611541787,True,True,True,True,960.8701813766322,951.2553464623725,935.2141704462127,911.7857676265207,0.003085229463941408,0.009671788418210925,0.023443684413501975,0.10896746300769267,0.031146609292223904,-0.014801997280126655,TRAIN
GS,2026-06-12T04:00:00+00:00,1062.71,61.22985336011325,1.1501104081636617,27.93039906262254,29.822294521694943,-1.8918954590724013,3.3592688235064783,0.026296983041681266,True,True,True,True,1045.462537081625,1038.57282630219,1013.86568449939,968.9108607686504,-0.010948972099853016,0.00841593245227612,0.015244126284875259,-0.06320668135095442,0.03207599118942728,-0.011976872246695969,TRAIN
GS,2026-07-09T04:00:00+00:00,1056.07,54.47028265198164,0.4245259040509371,5.883071230342239,11.267729340028797,-5.3846581096865584,2.8572916568030564,0.026566479382545527,True,True,True,True,1045.1854566386191,1041.763267681487,1041.5248046362722,1010.5382395200127,-0.0076466549411687845,0.07398350278872456,0.03060543072393984,0.009697049501039334,0.08495969751977506,-0.024548301840652487,TEST
GS,2026-07-22T04:00:00+00:00,1098.19,56.31374025791486,0.629049801101221,15.312744034446723,14.612343175981126,0.7004008584655974,3.3157481206088497,0.01129917489317811,True,False,False,False,1088.4903817512472,1083.156470651155,1068.6008317055841,1034.1318341065287,-0.002165729423246665,-0.025867918390110045,-0.0881814379327972,-0.014239903332248893,0.01165589998605765,-0.0911186503694752,TEST
GS,2026-08-04T04:00:00+00:00,1053.13,50.85357568936411,1.1242111968319324,-5.677890620289645,-0.05679712650712143,-5.621093493782523,3.694836209340592,0.025418076483045615,False,True,True,True,1037.914434339358,1037.5307053533602,1048.2984354065825,1034.2305177995622,-0.004963314630988314,-0.024225478973935455,-0.029976919179598882,-0.024244243868570603,0.010592783021523333,-0.035831566305755014,TEST
GS,2026-08-13T04:00:00+00:00,1042.395,49.48864297396047,0.6449282438219646,-4.529267461296513,-3.7780738850791105,-0.7511935762174025,3.024422466668444,0.006279624284431629,False,True,True,True,1039.0411283932763,1038.441346479315,1043.864238865704,1035.5229668440854,0.002450672970234935,0.0034058565294996512,-0.03275604225963635,,0.01741521539871682,-0.033450721211828904,TEST
GE,2026-02-02T05:00:00+00:00,308.73,50.796996349078036,0.7367769771035667,-2.2522606238888443,-0.8161099131233971,-1.4361507107654472,3.047160949697147,0.006061198553133362,False,True,True,True,305.30612123878365,303.749205018904,307.2128479762713,306.71545554358795,-0.004642943208289951,-0.015438991083621234,0.017495381155112844,0.05036549120411271,0.04242911077194944,-0.029287492971323048,TRAIN
GE,2026-04-07T04:00:00+00:00,288.67,43.50029005663623,1.4854779793588617,-8.982933182928889,-9.193207835139061,0.21027465221017216,3.551880793194404,-1.7320516151331233e-05,False,True,True,True,287.5390511305229,287.4150377584554,295.9162497510156,305.27614795670746,-0.006049362800451652,-0.005371834166800982,0.02553637683497345,-0.07481851911598647,0.02956928536860781,-0.01797064042587515,TRAIN
GE,2026-05-06T04:00:00+00:00,305.775,56.404865648657825,1.657462544811184,-3.0438042013291806,-4.17321429805013,1.1294100967209495,3.6704159220715487,0.06657016289371787,False,True,True,True,295.49801703169396,290.72155967760483,292.54476187621157,298.87508775832305,-0.017564935064935172,-0.0230519480519481,-0.042889610389610366,-0.025308441558441586,0.006266233766233809,-0.053863636363636336,TRAIN
GE,2026-05-20T04:00:00+00:00,300.205,54.11330850536527,0.9854038365779839,-1.3544117249750798,-1.7113738115620027,0.35696208658692297,3.147016205592843,0.0519667104686814,False,True,True,True,293.1768340010075,291.8324402148115,292.7038669437834,297.04757167602025,0.011818745704179179,0.05450034366565526,0.07548909490201328,0.0988583594575112,0.08061893346297633,-0.011516990494710888,TRAIN
GE,2026-07-24T04:00:00+00:00,353.74,53.02264480992848,0.7107668582024756,0.6482893409112194,3.515793449312905,-2.8675041084016857,2.943748031241673,0.0131607211903364,False,True,True,True,349.7057808517037,349.2305002974895,351.38516804654137,341.07372974615595,0.0028561129135125096,-0.027341042065274657,-0.0013587333277874647,0.02657848764661841,0.01606910129495609,-0.035743005296287045,TEST
GE,2026-08-17T04:00:00+00:00,369.06,55.75501902890122,1.2226793813796966,4.1348083117407555,4.581502808166056,-0.4466944964253008,2.3450503596008385,0.002077139249786031,True,True,False,False,367.5595716214119,367.0995570984732,363.72176274940983,353.2106566710094,0.022570532915360486,-0.06021534687201857,-0.06827041024942082,,0.02370178547090096,-0.07171868611148968,TEST
DE,2026-01-06T05:00:00+00:00,486.02,60.42838930084015,1.3145143563457502,-0.5977199301955807,-0.9267059222041061,0.3289859920085254,1.621405938615107,0.04340918849291531,False,True,True,True,476.2771629929381,472.2494301508193,472.59401254709667,472.1942529838412,-0.02354633244298332,0.0025991370454079288,0.026227655640024716,0.08898705568111764,0.03511403328539142,-0.028272036161906655,TRAIN
DE,2026-03-25T04:00:00+00:00,578.02,47.51404557397759,0.5455300120507158,-4.040687775590072,-0.2927619351449181,-3.7479258404451543,2.4589485287212027,-0.008542024013722171,False,True,False,False,576.5365237272713,576.1703095279485,583.929715601021,569.9742860133225,0.00848222029488288,-0.03621856027753689,-0.011604509973980992,0.07209019947961837,0.01919340849956641,-0.046175195143104975,TRAIN
DE,2026-04-02T04:00:00+00:00,575.4,48.74268714680842,1.109052961598221,-5.324705627635581,-4.09177100727024,-1.2329346203653406,2.6856472516013725,0.009810287639739679,False,True,True,True,571.0976019332386,570.5961722668247,577.3028030652181,569.7037345336653,0.006598638265100654,0.06668650342184002,0.05902893249085461,0.03361454850961776,0.08376945023016469,-0.007876358671870864,TRAIN
DE,2026-04-20T04:00:00+00:00,594.69,53.61202472011495,0.5898897101769633,2.8185889898903724,1.9779097999116715,0.840679189978701,2.530069688168867,0.007035992786202483,True,False,False,False,591.5533875009439,590.862063515116,587.6311042761578,578.1551797190806,-0.00786976052960442,-0.00016887898132200707,-0.04103759246124217,-0.02266355929341024,0.009659877731617472,-0.051541865099469675,TRAIN
DE,2026-04-30T04:00:00+00:00,590.215,53.24412210732595,1.429917733583471,-2.904841405234265,-1.2500766183082714,-1.6547647869259936,2.5911259940384936,0.053673123270552736,False,True,True,True,577.0918882324256,576.4980090175511,580.7636427243747,577.3386629331384,-0.018022000442048935,-0.020606287297890047,-0.012105343693149972,-0.02234047979325704,0.008857983236139289,-0.02453372324327996,TRAIN
DE,2026-05-11T04:00:00+00:00,588.61,52.76261944181562,0.7745227725146718,-0.5923101767325534,-1.3867892438854137,0.7944790671528603,2.644608241692902,0.024435664932036083,True,True,True,False,583.6279835018158,581.2198057232529,581.1650512613527,578.3203685789623,-0.005901373610137872,-0.02905096794346851,-0.04714344812447757,-0.10700988627825103,7.598335120340138e-05,-0.06145364593446856,TRAIN
DE,2026-06-02T04:00:00+00:00,579.31,57.540687958920444,1.562639528359973,-8.45837992172801,-9.57558133229369,1.117201410565679,2.832495308458091,0.06734099786277525,False,True,True,True,560.0512648920746,550.789229573037,557.9143177152298,566.6011458223326,0.014862325212503746,0.007293229193606754,-0.004413869204641596,0.009534647149088693,0.041690373971964956,-0.02454352661252779,TRAIN
DE,2026-06-12T04:00:00+00:00,577.34,53.94654344440089,0.577219060211344,1.2756449975677242,-1.3178454822172627,2.593490479784987,2.8125912435851124,0.0157283603096412,False,True,True,True,573.0355127534847,571.2077576703664,567.677605646593,569.4629144153345,-0.016776860916064562,0.0054755437103855,0.02229511557582886,0.07131874327302556,0.03134983684417314,-0.01782755027078753,TRAIN
DE,2026-07-22T04:00:00+00:00,607.49,55.409577755783424,0.7923842562518244,1.259932943671629,3.235114297061394,-1.975181353389765,2.870358830127715,0.03478290493467551,False,True,True,True,598.1958487827408,595.7152538260841,596.323964435078,589.6521543610946,0.0009516465125436468,0.025120186391454746,0.002690862552709783,0.0040691092260489725,0.05603229035063251,-0.004249593909462335,TEST
DE,2026-08-04T04:00:00+00:00,617.34,54.88644178491664,1.1630274103550975,4.2289802277528,4.700762912918799,-0.47178268516599964,2.9257436281928446,0.02011005172100422,True,True,True,True,610.3005387671537,609.2781855892321,605.8092454767342,596.9085865158864,-0.011644809096194697,0.0030605982298597123,-0.001760449641449613,-0.04947832547322173,0.013372956909361244,-0.025647651657083825,TEST
WMT,2026-01-06T05:00:00+00:00,114.35,59.08325181933631,1.1148676597433405,0.8488413118291191,1.219954480652631,-0.37111316882351186,1.3367480792054482,0.014640638864241273,True,True,True,True,113.41043860951326,112.89502745103478,112.44547601335921,109.9897915249083,-0.016320474777448135,-0.0005236515971374089,0.050619654389945756,0.041979403037179175,0.05171059521731536,-0.041543026706231445,TRAIN
WMT,2026-01-30T05:00:00+00:00,119.18,61.67926728979642,0.627886395433242,1.3616854456677174,1.580652087201494,-0.21896664153377654,2.084781722724331,0.015248317573899106,True,True,True,True,118.18796463347329,117.86080603974159,116.78810147538678,113.81611399294376,0.0351301735647529,0.06834112149532712,0.09462616822429903,0.1173230974632844,0.09892356475300401,-0.006508678237650223,TRAIN
WMT,2026-02-27T05:00:00+00:00,127.9,56.55988850469849,0.8646268350500712,1.7123383039398306,2.4002034216506667,-0.6878651177108361,2.985312185859489,0.028052407362752163,True,True,True,True,126.53332461922577,126.4183931278102,125.42665059731586,121.04811992659458,-0.004776446636911791,7.830240388373433e-05,-0.030655391120507303,-0.009278834860230067,0.007751937984496138,-0.04752955915746604,TRAIN
WMT,2026-03-13T04:00:00+00:00,126.525,53.739631526741555,0.8003889936077581,0.43975995761510944,0.8621808165666993,-0.4224208589515899,2.196911959804668,0.009615384615384803,False,True,True,False,125.62307941857347,125.3383627352955,125.35625131559038,122.47885435793056,-0.00521038920028416,-0.03706481408383999,-0.060393147548748805,-0.02976237467435061,0.0032367569274491803,-0.06702455198547408,TRAIN
WMT,2026-03-27T04:00:00+00:00,122.9,48.2332590477483,0.830624541302512,-0.7162698571089123,-0.4556935416367661,-0.2605763154721462,2.0664303150063916,0.005810622800556553,False,True,True,True,122.5487823041197,122.49350585518891,123.4630137246641,122.43339058838454,-0.0016165535079211146,0.008204009052699579,0.02453119948270288,0.006951180084060704,0.02634982217911408,-0.007032007759456893,TRAIN
WMT,2026-04-17T04:00:00+00:00,127.495,56.32107520265904,1.1878017661921798,0.5403352318366643,0.3828894333419524,0.1574457984947119,2.214932798485095,0.02167641637951756,True,True,True,True,126.21937309462305,125.74145641763471,125.10421016812562,123.79439424662357,0.00015634771732320196,0.015869293308317545,0.015791119449656055,0.028963414634146423,0.035412757973733555,-0.0036741713570981327,TRAIN
WMT,2026-04-30T04:00:00+00:00,131.91,61.81942320527367,1.2184849039701156,1.3893216265860673,1.1602321606501016,0.22908946593596569,1.9824122507770436,0.030224929709465886,True,True,True,True,130.03120971307544,129.110683503512,127.59043559237955,125.49060947542681,-0.0021983853238827233,-0.008149186976462053,-0.012697570405185044,0.004207254671568794,0.010726604252738747,-0.024599173710343814,TRAIN
WMT,2026-05-13T04:00:00+00:00,131.55,58.02579190656816,0.739062536902723,1.154816726366107,1.2463025462701167,-0.09148581990400961,1.9764348156594467,0.009438305709024153,True,True,True,True,130.59878165959586,130.1528698607164,129.1395832894791,126.94673703999621,0.007453038253859567,0.014145562400182499,-0.004258879002205562,-0.09578675184424679,0.02775876492508922,-0.008821963647425601,TRAIN
WMT,2026-06-08T04:00:00+00:00,119.83,43.58383918612238,0.8288663663390609,-3.0210676245282713,-2.6471304372705804,-0.3739371872576909,2.826027348267187,0.007821698906644192,False,True,True,True,118.82555502915696,118.50996022057794,121.75540431262144,124.07210991900719,-0.0111106487453706,0.002330323332362383,0.0053680662477633145,-0.006200324580749927,0.013940327077524906,-0.021721942490949164,TRAIN
WMT,2026-07-10T04:00:00+00:00,113.9,44.046165793897146,0.5098334534464408,-2.4764763348476464,-2.5442798178353447,0.06780348298769834,2.390254609306409,0.015151515151515138,False,True,True,False,113.05408995283962,112.97443806840468,115.24356917914865,118.94093177008104,-0.0006529404083053247,-0.020415270099682248,-0.00565881687198011,-0.04705523875854267,0.027989378836025036,-0.02433291254951464,TEST
WMT,2026-07-16T04:00:00+00:00,114.93,48.11398254153599,1.1117393674942564,-1.7408814828402939,-2.1971859203107353,0.45630443747044147,2.3778448993797467,0.021418414504088323,False,True,False,False,114.04025562205248,113.60976463987802,114.83851661713588,118.20544650914215,-0.02275935828877007,-0.0559572192513369,-0.07259893048128341,-0.04941176470588238,0.010310160427807524,-0.08611764705882352,TEST
WMT,2026-07-28T04:00:00+00:00,113.1,48.67614783054113,1.2646638514055455,-1.6870498381681642,-1.9258941818144455,0.23884434364628127,2.248957938613112,0.012171111508859855,False,True,True,False,111.85115334227363,111.4694622033054,112.81985185961845,116.25121783617624,0.008919897553651746,-0.017663163472577903,-0.01492537313432829,0.0003532632694513982,0.012805793517619124,-0.04115517089110665,TEST
WMT,2026-08-05T04:00:00+00:00,112.38,48.29478048775667,0.8516188400226498,-1.076879863335364,-1.417821222069734,0.3409413587343699,2.4089187196501682,0.007530930607853481,False,True,True,True,111.86954927097302,111.70138380131881,112.37998586535738,115.30977204050217,-0.01749002761583307,-0.012229868934379495,0.017227019681760325,0.0029369219304782312,0.017314688993117944,-0.031254109498969895,TEST
NVDA,2026-01-16T05:00:00+00:00,186.12,51.49989501275777,0.8978647026764374,0.5953679353783912,0.7136243643982213,-0.11825642901983013,2.5789813023855563,-0.005503606732567445,True,False,False,False,185.95522815312944,185.88935290992168,185.38533813577175,184.8917860923439,-0.020292564892212872,0.01649802023757152,0.025131984161900434,0.021007479102507665,0.04267487901451816,-0.023042234931808125,TRAIN
NVDA,2026-01-23T05:00:00+00:00,187.64,53.90209138855498,1.0291746647687863,0.14183112929310937,0.2748379408538088,-0.13300681156069943,2.8017175746870886,0.015148236312486407,True,True,True,True,185.69907675957057,184.9397220449203,184.89438025802318,184.70550132315805,-0.003820975283901129,0.023486973947895784,0.02140280561122232,-0.010233800935203652,0.03927855711422845,-0.007401469605878397,TRAIN
NVDA,2026-02-09T05:00:00+00:00,189.92,55.25532272662724,1.1761491235691992,-0.539741045396795,-0.20628425782499432,-0.3334567875718007,3.5088082200024058,0.025430592300631494,False,True,True,True,185.14688919763648,183.7721716905489,184.5707251450304,184.7529313507613,-0.015440888308295264,-0.023383409536250732,-0.03273677335075109,0.0077857609405618255,0.011521881123448763,-0.06361854996734162,TRAIN
NVDA,2026-02-18T05:00:00+00:00,187.89,52.79798718142384,0.920676222223463,0.266951833089621,0.06888093897254216,0.19807089411707884,3.896276696851501,0.015018097347522907,True,True,True,True,186.52510764371306,185.91094602641007,185.49475329104132,185.18507010687668,0.0046251737782054825,0.02440915410116573,0.047107261255480815,-0.021655437921078047,0.056678430114426304,-0.00727194952411514,TRAIN
NVDA,2026-03-10T04:00:00+00:00,184.765,50.05584839242332,0.8980164650734586,-1.022002170608232,-0.5396002967146726,-0.4824018738935595,3.3157949673523515,0.011579523679167592,False,True,True,False,183.1013079899685,183.06102364907426,184.45775989435282,184.99420462270868,0.00048407917383830323,-0.030712134251290824,-0.021299483648881123,-0.05712134251290868,0.01565189328743566,-0.032137478485370075,TRAIN
NVDA,2026-04-02T04:00:00+00:00,177.305,48.98174017435927,0.8173918140507543,-2.904695203698793,-2.9242475616354326,0.019552357936639453,3.0458008194112653,0.00850349809453399,False,True,True,True,175.40557686849968,174.3678977015955,177.12557404956328,180.63410811995942,0.002512066386293643,0.0280843376894635,0.06472099127833131,0.13844590589629946,0.07256767055237234,-0.019588472720088013,TRAIN
NVDA,2026-05-06T04:00:00+00:00,207.67,60.681583140680004,1.4742651297935494,4.896365340415173,5.685276461513679,-0.788911121098506,3.302285906898994,0.05684478371501256,True,True,True,True,202.99540513224326,202.61348369947666,198.58386052232785,191.98543173405332,0.01579680222787716,0.05368031881692015,0.08469774811542696,0.073030201181159,0.09377250684208005,-0.00845056897296792,TRAIN
NVDA,2026-06-01T04:00:00+00:00,224.42,60.415615276066035,1.4570852573671131,4.209467031605328,5.623780661426306,-1.4143136298209775,3.6206029510993414,0.06282115033979774,True,True,False,False,218.6025980789576,217.45260688312254,214.7610748102585,205.44057067916938,-0.01929975132589523,-0.03769723377566525,-0.08162232345238885,-0.06489733940714337,0.02233665632358428,-0.10059197640897,TRAIN
NVDA,2026-06-04T04:00:00+00:00,218.64,54.225228403648636,1.128775657013836,3.577666739675209,4.754692736599493,-1.177025996924284,3.830170926768073,0.017592851158894085,True,False,False,False,218.2128247598697,217.989909685749,215.72735898591918,206.94223865506933,-0.04383082838168473,-0.029709891646277575,-0.04527554468134676,-0.019550273797040663,0.0010951881626470872,-0.07100081556565296,TRAIN
NVDA,2026-06-18T04:00:00+00:00,210.38,50.13307591510928,0.7861984208887793,-1.0926270701156966,-0.11631501271030845,-0.9763120574053882,4.01009058438472,0.02774792379091351,False,True,False,False,208.37748322730457,208.30911629086683,210.36591821361498,206.91009489569976,-0.013525656183494883,-0.059162922676755714,-0.09212579806100729,-0.07500591156301717,0.011965003546937858,-0.09557815086308807,TRAIN
NVDA,2026-07-08T04:00:00+00:00,204.07,50.97956725964445,1.1693334175043357,-3.3112022901824787,-3.437146516649703,0.12594422646722414,3.2340093385322954,0.0360460983906179,False,True,True,True,200.22921569414729,198.8341449220591,201.9851814659157,203.56403444538475,-0.008632495353614433,-0.004768658906387557,0.03932309498190345,0.037219994130881284,0.045559033551795025,-0.02680230852000398,TEST
NVDA,2026-07-21T04:00:00+00:00,207.24,52.200834780701825,0.6689002556733695,0.2038685536709295,-0.6356558959628503,0.8395244496337798,3.468201119475008,0.019229823439728566,True,True,True,True,205.91946135877765,205.6538214409869,204.74268328400154,204.56283603327017,0.030091074681238617,0.00580449301760777,-0.042865816636308396,0.029556769884638845,0.04136004857316333,-0.0637037037037037,TEST
NVDA,2026-08-03T04:00:00+00:00,206.72,53.12061240059162,0.7865548763146256,-1.3110145122774384,-1.0398597827395848,-0.2711547295378536,3.772528748341443,0.029789777822058383,False,True,True,True,202.28482316671636,201.0926349900605,202.54030735990628,203.56298363969236,0.0022223272967989427,0.03451699843964251,0.028370135703815746,0.06435292448815533,0.06274528346493913,-0.011489904960045427,TEST
QQQ,2026-01-06T05:00:00+00:00,623.46,55.7784825606055,1.3486313338830904,1.192225259412453,1.181817675431589,0.010407583980863944,1.0873649816003759,0.008883926404194442,True,True,True,True,620.0355883229629,618.7591124133273,617.6475073409703,614.8864819410318,0.0017254247353679641,0.005810267480960141,0.004927492034958014,-0.01100259214971877,0.010320447486898976,-0.008370316274366463,TRAIN
QQQ,2026-01-23T05:00:00+00:00,622.78,53.17455338794038,0.7788312418279868,0.598678396227001,1.0290957945643582,-0.43041739833735715,1.283817261770954,0.003173273626391415,True,True,True,True,620.4608485323054,619.7550427485929,619.5857704737062,617.1743045534828,0.0036104558802292352,0.015725541167220136,-0.0023748776456619103,-0.021823199987162867,0.02145413116385031,-0.007718352348401014,TRAIN
QQQ,2026-02-25T05:00:00+00:00,616.58,53.38945594368408,1.0271837374837562,-2.9400220416487173,-3.545262861159983,0.6052408195112657,1.6398057487615987,0.014270321843051326,False,True,True,True,611.2369499518511,608.319316274088,610.6477799267145,613.6145980269434,-0.010218669785879042,-0.012200669330993952,-0.008057965363745478,-0.012704292166227926,0.0,-0.0383403190694348,TRAIN
QQQ,2026-03-04T05:00:00+00:00,610.58,50.132183719163464,0.8983797900497072,-2.3380154048348913,-2.873252128204512,0.5352367233696205,1.7323692227062741,0.014825649037662592,False,True,False,False,607.8074046859954,607.6045724503142,609.389090242665,612.4787483233388,0.0023456983185046187,0.0004362175820376013,0.0003703734187112673,-0.02086436925406787,0.009473328998592656,-0.02656811990222141,TRAIN
QQQ,2026-03-10T04:00:00+00:00,607.61,48.755810532931086,1.1367072522159631,-2.090300660142475,-2.5095136325634724,0.4192129724209974,1.7538270554185358,-0.0002468079505066889,False,True,False,False,606.7698377928748,606.7257107839056,608.3428667732155,611.5285424399264,-0.0022328758127011517,-0.025398962369475364,-0.009144939909371597,-0.04130820253497092,0.005450843895711488,-0.027057201024495936,TRAIN
QQQ,2026-04-02T04:00:00+00:00,584.95,46.65214180793987,0.5238278397444541,-8.165958760325111,-7.919625415452932,-0.24633334487217873,1.9295910517382406,0.0010439127904986467,False,True,True,True,581.3048928057693,579.72528018339,587.6814427503417,598.3424219036569,0.003530435079221572,0.03347943990585511,0.042331110466801825,0.10642470963450612,0.04662903143281083,-0.0134736411235995,TRAIN
QQQ,2026-06-15T04:00:00+00:00,743.81,62.57230930435615,0.7577606426975733,9.70911987409579,12.825932207356658,-3.1168123332608673,2.2245024170919225,0.031193245622547883,True,True,True,True,729.7831037104945,723.2204240343603,717.1162432219705,690.3511255445558,-0.01670551147156696,-0.003300685734301423,-0.0386517035580044,-0.008352755735783424,0.004109016934538801,-0.04060517062524416,TRAIN
QQQ,2026-06-30T04:00:00+00:00,736.07,56.59129191603281,0.7679527347098186,4.481135996333592,6.261380392124827,-1.780244395791235,2.399519455641835,0.016741487671800614,True,True,False,False,726.8434893590922,722.9768758238004,720.7365441066124,701.2232792416136,-0.005314079224350121,-0.008934509973326898,-0.024444764432010713,-0.015763958886168994,0.003599860119721132,-0.03869335362968762,TEST
QQQ,2026-07-10T04:00:00+00:00,725.595,52.91338840880543,0.5788270274229664,1.74186073473129,2.882618595286739,-1.140757860555449,2.158770191557076,0.003297797320280349,True,False,False,False,721.9258085106179,720.0578129142297,719.8027193870842,705.4852767979908,-0.008358292122309652,-0.00020895730305769966,-0.031399317406143434,-0.04669499198997007,0.008999094518353346,-0.04328202270669368,TEST
QQQ,2026-08-03T04:00:00+00:00,700.095,50.054098886412035,1.0955953735392367,-8.424910764976062,-7.657343322377678,-0.7675674425983834,2.142311298568664,0.017742662344270244,False,True,True,True,691.3868004731523,688.4840611422678,697.3836179534342,699.8100664115941,0.021468495934959364,0.008779358626919587,0.0173963979223124,0.030297256097560954,0.028144760614272624,-0.0011856368563686326,TEST
LMT,2026-02-27T05:00:00+00:00,658.495,63.89620695497243,0.7554714610735325,22.04685594910609,25.450775829238925,-3.403919880132836,2.3701232138653823,0.026444593393917692,True,True,True,True,653.3408500822743,651.9995537412549,634.4763669505701,590.4784297308105,-0.017992135695526712,-0.035592507146070096,-0.025218009547439912,-0.06186247624022423,0.00295274162422543,-0.060099537137799586,TRAIN
LMT,2026-04-06T04:00:00+00:00,637.69,53.635951555764436,0.995962808788157,-4.8306911021524,-3.7891304866369904,-1.0415606155154098,2.256470340492363,0.023858837885137207,False,True,True,True,627.6682601133243,622.3858523898416,628.4826758635828,617.6514898495761,-0.011859481679227013,-0.017300983565246675,-0.0240654555190688,-0.08463071023018087,0.002606566026443824,-0.04514635356375052,TRAIN
LMT,2026-05-13T04:00:00+00:00,520.07,35.457139224685335,0.3522060557483477,-23.295145314472393,-26.161540918783455,2.8663956043110623,2.378869328030018,-0.0018041880194237248,False,True,True,True,518.0335189918671,517.0995203012194,536.8047188738287,567.6993273596181,-0.001343827990017199,0.014071798809752512,0.00326358226147061,0.031080821654828394,0.01754655404108263,-0.0154156267997696,TRAIN
LMT,2026-06-09T04:00:00+00:00,529.97,50.11215937372292,0.7405395885764928,-5.842113377750252,-8.244058408251457,2.4019450305012047,1.795249865895377,0.019133879466174397,False,True,True,True,525.1482756558189,523.128033957385,526.0914510187205,545.3136908277417,-0.016073855382164215,0.012690379118046824,0.00516425324523162,-0.07832606963775246,0.03248512113969704,-0.016073855382164215,TRAIN
LMT,2026-07-01T04:00:00+00:00,521.27,50.92972130025827,1.231431792837031,-6.272592931659119,-6.505881551249208,0.2332886195900885,2.900128532238569,0.023824488352908846,False,True,True,True,513.736949105092,510.8350032426203,516.2922916827824,531.7726161509058,0.020279994766452925,0.0005046634642342784,-0.03151342965552051,-0.04004598044896346,0.021121100540176796,-0.03610212893216935,TEST
LMT,2026-07-23T04:00:00+00:00,567.78,68.14468698574612,3.2060822232098425,1.2271535600195875,-1.6984497123450675,2.925603272364655,2.6918751226581694,0.10329952197738135,False,True,True,True,539.7548302291597,525.5183684929953,521.6302519676321,528.0320574075093,0.022299810513018326,0.019948768334620004,0.006947855989893892,0.02254544178538831,0.04089760684960342,-0.022896343603060032,TEST
GLD,2026-01-05T05:00:00+00:00,408.74,62.024158394640125,1.637148999751753,5.5317274361210025,6.276035205943072,-0.7443077698220693,1.6879399408635583,0.026314467935519614,True,True,True,True,403.78549088600374,402.88136131507906,398.32537852168593,387.8794062043811,0.006185014732023264,0.0019967370394720074,0.028051720359412613,0.06480872720188957,0.03664742980982294,-0.01037329242457441,TRAIN
GLD,2026-02-09T05:00:00+00:00,466.86,59.215496293889906,0.31035642766381644,11.883701443805307,13.716540741577775,-1.832839297772468,4.402895331117922,0.025254743499648624,True,True,True,True,459.02798356863804,455.91199876487576,446.2948300150838,424.5333758786116,-0.0077043586496985395,-0.030967658862158576,-0.03785651436787785,0.01860634804815753,0.005408073481125264,-0.04369380003004486,TRAIN
GLD,2026-02-19T05:00:00+00:00,459.57,54.42512295951693,0.3167497181828686,7.972854697318667,10.222037443314985,-2.2491827459963183,3.978563812756645,0.0028586392004539274,True,True,True,True,457.92709362163,457.524142142427,452.11755952266435,432.8194359972236,0.011462988148436049,0.024631392612740832,0.030654318589037777,0.006497852038943819,0.03933251300649787,-0.010232497895214077,TRAIN
GLD,2026-03-10T04:00:00+00:00,477.715,56.267957776457955,0.9056549228089145,7.277334989280519,8.631529061811335,-1.3541940725308166,2.114081767222235,0.011122634720399649,True,True,False,False,474.9437313346706,473.8255929178559,468.3467302583912,449.99743722850957,0.0007144057824843841,-0.03181206925533708,-0.03483778786350655,-0.1506555723651033,0.003004706673390478,-0.03992267608001343,TRAIN
GLD,2026-03-31T04:00:00+00:00,430.27,46.075664443653736,0.7220393266087222,-12.938001449638762,-10.221545114826855,-2.716456334811907,3.0969756531613064,0.03774540543147942,False,True,True,True,421.4751252359416,420.7615355625969,435.7503674341188,440.7376776469446,0.006252873563218353,-0.016850574712643618,-0.0011034482758620623,0.012574712643678154,0.012252873563218358,-0.03174712643678157,TRAIN
GLD,2026-05-06T04:00:00+00:00,430.7,50.09828378433888,1.1997098506577826,-4.415398785827733,-3.9665504988119062,-0.448848287015827,1.913910909151217,0.030210251871696014,False,True,True,True,424.5949014119841,424.32371715819033,428.80989315185536,434.10676995105746,-0.009204002937936107,-0.0023526441424899236,-0.011912412780021975,-0.04209511568123403,0.003924899008446614,-0.0223788101358795,TRAIN
GLD,2026-06-16T04:00:00+00:00,397.69,43.79867088932374,0.8149560842237773,-8.919087804088008,-8.429855757498064,-0.4892320465899438,2.2636080507789624,0.002824217666490103,False,False,False,False,394.5174237577055,394.37396459461036,403.22624317287114,415.5301504948834,-0.023076923076923106,-0.03308195072900966,-0.07993966817496234,-0.06837606837606836,0.010507792860734,-0.08667672197083964,TRAIN
GLD,2026-07-06T04:00:00+00:00,382.11,45.271025582081435,0.48783883832611236,-9.480854478227457,-10.553306310405013,1.0724518321775562,2.061205262508553,0.01025830843666542,False,True,True,True,378.1294378475971,376.29258708989676,384.2848871554821,400.3917246732377,-0.012647301167946323,-0.010633149792699359,-0.039681397873370106,-0.03849121751526974,0.0032828051635516164,-0.04319962332753513,TEST
GLD,2026-07-21T04:00:00+00:00,374.8,46.472658800395344,0.6136014760049004,-6.237349504341296,-7.359089772003523,1.1217402676622275,1.8438405244701934,0.019641982697644167,False,True,True,True,371.426235077074,371.23989157126493,376.00508784603056,390.2529854925943,2.6376872757971626e-05,-0.01912323274952521,-0.0256910740662587,-0.013162059506224955,0.008124076809453484,-0.029054125342899306,TEST
GLD,2026-07-30T04:00:00+00:00,377.17,50.349645059380485,0.773941202393298,-3.3389798157625705,-4.813633199999366,1.4746533842367953,1.7935262234914897,0.016603326055901535,False,True,False,False,374.2110643365396,373.07491004944296,374.7540776406337,386.1556341460934,0.001982548181315602,0.009157484456552512,0.05111467759990296,0.0760786006176919,0.057574817592080496,-0.0054486358180372285,TEST
GLD,2026-08-04T04:00:00+00:00,374.13,48.29216572546918,0.7019233284039843,-2.7249758752232083,-3.912927620189445,1.1879517449662367,1.6464865153823516,0.006564610293524176,False,True,True,True,373.1976330420674,372.8542580891069,374.19737613871797,384.6073834471941,0.012118142144638355,0.03509455527847072,0.04144586450540322,0.035250415627597675,0.04945968412302593,-0.0016105569409808895,TEST
JPM,2026-01-30T05:00:00+00:00,306.05,44.52217300180397,1.0700575654595224,-4.41830365101589,-3.48009207152937,-0.93821157948652,2.176231708170932,-0.00019600797099084133,False,True,True,True,304.7039059809773,304.5097427061541,309.63438807129563,312.17972666256657,0.01092412164157075,0.040826034182987136,0.05763868385657567,-0.007512383951710722,0.06360922481383091,-0.010858511301381157,TRAIN
JPM,2026-02-20T05:00:00+00:00,310.815,49.94425806357631,0.6259401659421531,-1.181286568149119,-1.1786224736380653,-0.0026640945110536496,2.7679533760321378,0.009057706355003692,False,False,False,False,309.29024682043337,309.2658793407612,310.3872729491153,311.78609455177866,-0.03490746442809445,-0.016821702913817127,-0.027647230415194568,-0.06203610669951054,0.007584351602761608,-0.055569960781771566,TRAIN
JPM,2026-03-23T04:00:00+00:00,290.04,43.28735113672585,0.7701232312419016,-5.039942879105865,-5.478286811209097,0.43834393210323164,2.2347902752329714,0.011508683825067978,False,True,True,True,288.5732766009554,288.20674766194634,292.6042364471714,300.1129382984884,0.0189619714873297,0.016940290703754135,-0.010910104918261387,0.03680853288716923,0.03729652480044621,-0.017741991704137372,TRAIN
JPM,2026-03-31T04:00:00+00:00,294.17,51.34418215331243,1.010682964055726,-3.146528620400602,-4.079834943405267,0.9333063230046648,2.2359520005439024,0.03668593177332968,False,True,True,True,289.9147386968899,289.25483390570224,291.38164094669685,297.940478826966,-0.0004062425945360326,0.0005755103422593333,0.04262161887673943,0.035478519922814034,0.05331934053285492,-0.021937100104945872,TRAIN
JPM,2026-04-27T04:00:00+00:00,311.7,58.30274142307251,0.7550673601732277,4.336821274617478,4.120132903906533,0.21668837071094504,2.006049773133508,0.011126609790119035,True,True,False,False,311.01645311255913,310.78012997260606,306.34724351056013,303.3904396707569,-0.010719049736390818,-0.004970463062948571,-0.02270850536746505,-0.04779902178746109,0.003620656799847577,-0.026392682462046624,TRAIN
JPM,2026-04-30T04:00:00+00:00,313.295,59.194762907498294,1.0877655836185982,3.8256305710690413,4.0206898723162015,-0.1950593012471602,1.8510623260140489,0.01308003233629762,True,True,False,False,311.7726816390699,311.16927926008765,307.6047622167995,304.29265438500187,-0.003539653687936295,-0.013488950540514577,-0.02318313721738574,-0.04327306355432248,0.008418635798335572,-0.02359769125290978,TRAIN
JPM,2026-05-06T04:00:00+00:00,314.865,59.313830176527276,1.117554234907807,3.0812370496311132,3.521109761150739,-0.4398727115196257,1.6773628607271611,0.01779480217222651,True,False,False,False,312.25204260244186,311.34984750853073,308.75073677808854,305.30665256824057,-0.03069425985697105,-0.051294221884690794,-0.0497120435415479,-0.044395924308587964,0.0002531485349028806,-0.06455287640022778,TRAIN
JPM,2026-05-21T04:00:00+00:00,302.99,49.02747207992856,1.113025045621517,-1.4592484024715304,-0.5689282266646776,-0.8903201758068529,2.0150358569118283,0.003311367926090325,False,True,True,False,301.485084005177,301.42702672906864,303.6467841740491,303.78586958123196,0.005184407402546221,-0.018145425908911883,-0.01781729885811789,0.025003281270507882,0.01676729229557683,-0.03138535240845253,TRAIN
JPM,2026-06-04T04:00:00+00:00,310.89,58.32903875312713,1.4751397681573446,-0.5765580328531428,-1.143199684484376,0.5666416516312331,1.9207528616001057,0.032994417862838965,False,True,True,True,305.5624708671976,302.6602025082967,302.7752930116799,303.2508543317451,-0.007119699955501879,-0.0064840124594749415,-0.0034327124785454854,0.03372322166422981,0.005339774966626409,-0.017831034263556034,TRAIN
JPM,2026-07-01T04:00:00+00:00,334.06,62.76043614260553,0.7281525001408596,6.7788937953514505,6.525480638245604,0.25341315710584666,2.3693348500269362,0.02084097298618759,True,True,True,True,331.3572053622088,329.92513803387067,323.2212894347487,314.93439960688664,-0.010728502301078802,0.0030927682495525133,-0.00731017949894186,0.015404649510928126,0.00995900972224284,-0.022892404220370866,TEST
META,2026-01-22T05:00:00+00:00,647.66,52.609480922325005,2.8499598275223685,-8.298501971984479,-6.062469612641745,-2.236032359342733,2.528884202910695,0.05638650116622346,False,True,True,True,630.4036524631797,628.5933732283163,638.3375131591874,651.0692340272533,0.02165952957239492,0.04421895363991801,0.14525538385154846,0.04010736672252224,0.15423881338050016,0.0,TRAIN
META,2026-02-26T05:00:00+00:00,656.9,50.35230306843767,0.52832845464775,-3.5343890838398693,-1.930468247404721,-1.6039208364351483,2.761564056281668,0.004756879120206836,False,True,True,True,652.2656060703785,650.4651142631121,655.2830921555559,658.0820414798771,0.006756232041624566,0.01737982449328257,0.026077502523879748,-0.008946183117185647,0.04484740234526674,-0.014242447775102973,TRAIN
META,2026-03-11T04:00:00+00:00,654.73,49.90213104811555,0.556512625041471,-1.5024205184972743,-1.7996640222668137,0.29724350376953934,2.788444964227347,0.0012693072335219213,False,False,False,False,653.3468078243562,653.1806419329147,654.4381853883482,656.8225491612264,-0.01612828617685591,-0.032441600493408274,-0.050975252486315514,-0.08282322103153172,0.0072469354714364,-0.059779508133528614,TRAIN
META,2026-04-07T04:00:00+00:00,575.145,41.628480677276436,0.6138339344484369,-20.60401237522865,-20.938751709106036,0.33473933387738697,3.336425721215644,0.0036208491109286367,False,True,True,True,573.6793102142633,573.1895653140705,592.5705036819818,619.4957636071401,0.011225753198514266,0.039768881551795365,0.0934874122988032,0.103904250928601,0.09974411886091605,-0.022831200990507727,TRAIN
META,2026-05-26T04:00:00+00:00,612.36,46.455757522116215,0.461161680785481,-6.547795084601603,-6.165984288810478,-0.3818107957911252,2.0462986291910465,0.0031781396415584418,False,True,True,True,610.4984763062507,610.267351037493,616.9514816886692,624.5679816898132,0.04250012306985451,0.0379219244843374,-0.019166078666250863,-0.04030127500369196,0.054889155084425933,-0.02063471226268021,TRAIN
META,2026-06-04T04:00:00+00:00,627.54,53.10499078980723,1.5492580858652414,-1.9151016131057759,-3.416438840075772,1.501337226969996,2.5739964214005733,0.00720648423080017,False,False,False,False,621.2055349711426,618.2319776075217,618.7934262149539,623.7595620038018,-0.04770701148502121,-0.06055738494899998,-0.08699702835113643,-0.07270098787246004,0.010232109870693229,-0.10521243273632641,TRAIN
META,2026-06-16T04:00:00+00:00,600.18,48.789451618590334,0.8405628253247933,-10.1072679498468,-8.98614919714907,-1.1211187526977309,3.497938713624007,0.011289344207049856,False,False,False,False,591.147951308481,589.2908100645765,599.8569862966178,612.5958465227383,-0.04295741378146711,-0.0489134102719847,-0.058901936964297685,0.03422588918134584,0.0015860160626308684,-0.06256327191739208,TRAIN
META,2026-07-01T04:00:00+00:00,612.965,58.45207988863231,2.420045721672312,-9.947862758760493,-13.087853413386734,3.1399906546262404,3.5430827441790504,0.08855443082933756,False,True,True,True,586.4562772961997,573.3463356551459,580.0420870797616,597.4110831638006,-0.04037676195494666,0.013387564220787684,0.039849822157818515,0.09366354893953366,0.04278092477934403,-0.049515874061388354,TEST
META,2026-08-06T04:00:00+00:00,589.995,47.03795472604261,0.8038805563841191,-8.138408613940214,-4.417881933530182,-3.720526680410032,3.792526086782815,0.001978499736766004,False,True,True,True,587.6334736721599,587.36395864264,598.35470173959,604.3651736185248,0.010379854886897188,0.022808365343576664,0.015535638070849345,-0.06825437473324802,0.045343576611182046,-0.01276995305164319,TEST
META,2026-08-13T04:00:00+00:00,594.85,49.111571245988834,0.5029046214581636,-5.654049713718791,-5.6410967105122705,-0.012953003206520819,3.6898858055452135,0.0273747841105354,False,True,False,False,591.115108552255,590.3319320040449,595.8651608742509,602.1046061182958,-0.012127303182579596,-0.08944723618090444,-0.08581239530988283,,0.008006700167504155,-0.0998324958123954,TEST
GOOGL,2026-01-22T05:00:00+00:00,330.48,60.71329060903116,0.8513462710206633,6.056794548704659,6.304685815575252,-0.24789126687059326,2.53819120240689,0.006517634159712626,True,True,True,True,329.02689097164625,328.3802855411267,323.00027412951925,310.0538665297752,-0.013820172338601777,0.00594011759929014,0.017098515722513863,-0.0005564160789208739,0.029490052182805204,-0.017760199708257596,TRAIN
GOOGL,2026-02-25T05:00:00+00:00,312.96,45.08046815143182,0.6227529073653945,-4.2984801210333785,-3.320736852428085,-0.9777432686052934,3.101263511539585,0.006561173292165101,False,False,False,False,311.8206255837549,311.44190606647135,316.57298229105913,315.5374879171511,-0.01701256755460323,-0.02069009625531637,-0.03073134853378512,-0.012983275239039416,0.0,-0.051101659684691714,TRAIN
GOOGL,2026-03-10T04:00:00+00:00,307.09,45.33776984220512,0.6925242265193717,-4.642675881547518,-4.664021860999525,0.02134597945200678,2.5347385363992894,0.002546439881166096,False,True,False,False,305.2829895030933,305.20846735051566,309.71753546522973,312.29990692391823,0.006193969030154678,-0.014669926650366705,0.01356153219233902,-0.053268133659331585,0.015158924205378899,-0.020537897310513475,TRAIN
GOOGL,2026-03-17T04:00:00+00:00,310.91,51.25524307544656,0.8154747041438225,-3.0983331612131906,-4.036809801903276,0.9384766406900855,2.310268934050737,0.017142670199888688,False,True,True,False,307.8060309219717,306.2556407519199,308.43738664474586,311.20271356704455,-0.004640934008182329,-0.027263465985349566,-0.060784916155948165,-0.0702931711971021,0.010365291634999663,-0.06097896217719623,TRAIN
GOOGL,2026-04-01T04:00:00+00:00,297.45,48.86302580099331,1.4799254632895422,-6.9222977823584415,-6.157551242384345,-0.7647465399740963,2.7016545397785943,0.03471666608689583,False,True,True,True,289.89097950728615,289.2454044671208,296.44977371705096,304.05726766296596,0.017218246869409537,0.05098389982110918,0.09615384615384603,0.1558070730700427,0.10779895417641394,-0.004042245768542729,TRAIN
GOOGL,2026-06-16T04:00:00+00:00,373.37,52.607179767432704,1.0190772997255093,-1.8256997889137097,-0.04542211911477062,-1.780277669798939,2.995400961895325,0.011239911164075522,False,True,True,False,368.8580733869899,366.7176884927708,370.40633404410875,361.85752147752754,-0.01509061133893641,-0.053960777944699334,-0.06538362634834283,-0.022304329584365346,0.0074167309540245085,-0.07870126003221134,TRAIN
GOOGL,2026-06-30T04:00:00+00:00,357.22,47.96192427498227,0.7665583711388653,-6.163158023694848,-5.0001278463032985,-1.1630301773915495,3.523338958784903,0.010566219217222894,False,True,True,True,352.225191549584,351.8152942967239,358.98364934647685,358.5801883996048,0.007882914306442945,0.022239584786672983,0.009459497167731534,0.035187097134246725,0.041214387365013705,-0.01363116332282277,TEST
GOOGL,2026-07-15T04:00:00+00:00,370.98,56.844103251905146,1.0145211598494215,-0.7651328840846077,-2.279258366372168,1.5141254822875605,2.7082707577612934,0.03178973717146438,True,False,False,False,364.33292987456014,361.0252910847399,360.5323071570843,359.5397881317774,-0.050934172637782105,-0.05682716132056509,-0.08374740507600609,-0.09866738096832517,0.004968860912073936,-0.08556887430522997,TEST
GOOGL,2026-07-31T04:00:00+00:00,356.06,54.286411294346074,1.5661570508893141,-6.1396466318729495,-6.616199856691948,0.476553224818999,3.7001187600805667,0.06719817767653757,False,True,True,True,344.7426008129577,339.78527950994794,345.21289997782424,351.4780270996738,0.022068984388895707,-0.00837335303534048,-0.030360245727811264,-0.053592195816059784,0.051977725786370055,-0.03178316846584306,TEST
SLV,2026-02-20T05:00:00+00:00,76.62,51.32351877933237,0.7261488453915469,-1.5132838927277135,-0.38706367313063755,-1.1262202195970759,7.677965469664764,0.07900295732995355,False,True,True,True,73.37823503885066,72.55465190187795,75.14736790740511,71.6325576673987,0.02820316488004071,0.021822358346094806,0.08460949464012235,-0.030755487493619116,0.08805513016845334,-0.014867279224094032,TRAIN
SLV,2026-03-10T04:00:00+00:00,80.09,53.591402885696596,0.4132517314092344,0.4234858886383819,0.30226013648148015,0.12122575215690173,5.024704350462874,0.023514376996805142,True,True,False,False,78.54524126832004,77.76841348562053,77.35293024653244,74.28890545006603,-0.0017299929518804769,-0.06875120138399426,-0.0816300378035496,-0.19292625104119943,0.006215159864163544,-0.09194592170180049,TRAIN
SLV,2026-03-31T04:00:00+00:00,68.15,47.465879363950556,0.9108945308085342,-3.3456737727736794,-3.034499807283656,-0.3111739654900232,5.320197044334974,0.07263712914141829,False,True,True,True,65.69992935916957,65.32543342966866,68.82357383999738,70.96976285731635,0.0028703908147493795,-0.027084713328917376,-0.0067711783322293995,0.05762861558843002,0.029366306027820865,-0.06962537719879303,TRAIN
SLV,2026-05-06T04:00:00+00:00,70.135,53.37430511608708,0.9895291698545047,-0.6095396321012458,-0.6225880336296393,0.013048401528393483,3.5976535049750993,0.06402184631722663,False,True,True,True,68.20814668804198,67.7095960248134,68.2366906712656,69.34709394160792,-0.022928893134980144,0.0644192711887539,0.08298075610754752,-0.06168964105363717,0.10331650061416697,-0.02879759792548109,TRAIN
SLV,2026-06-16T04:00:00+00:00,63.4,44.77736788560852,1.1095620868284888,-2.238709277789951,-2.009580551228912,-0.2291287265610391,3.7421135646687698,-0.0010241865595210786,False,False,False,False,62.7349117077073,62.53997424619536,64.88168401611503,67.32903647508161,-0.04610542879622348,-0.07309205350118009,-0.18536585365853653,-0.15688434303697874,0.017781274586939677,-0.20833988985051133,TRAIN
SLV,2026-07-06T04:00:00+00:00,56.1,41.48083428009465,0.5714539192314975,-3.293395860117421,-3.397328735557152,0.10393287543973084,4.271072065189712,0.01925872093023262,False,False,False,False,55.16595334758489,54.9923449515752,58.03253633217821,62.646839712695105,-0.01678700361010832,-0.022833935018050533,-0.05848375451263543,-0.07969314079422385,0.00902527075812265,-0.06624548736462099,TEST
SLV,2026-07-22T04:00:00+00:00,53.91,45.648652690656526,0.7649035730774418,-2.232150961788996,-2.6884397356435366,0.4562887738545407,3.5257174656172987,0.015541113308844334,False,True,True,True,52.99441795736025,52.599473160958055,54.27963161478755,58.817102078404154,-0.000671913995008655,0.015933960453061946,-0.006719139950086439,0.07631023229026668,0.02754847379535419,-0.016893837588788707,TEST
SLV,2026-07-30T04:00:00+00:00,53.495,47.32137658087383,1.059185102321136,-1.513091633150431,-2.00189911638497,0.48880748323453904,3.2833509139705965,0.03391959798994959,False,True,True,True,52.73780340558375,52.52853593891618,53.48218224480418,57.454303056235645,0.007890685142417198,0.0360854503464203,0.07496150885296382,0.11951501154734423,0.09209006928406449,-0.015973826020015403,TEST
